2024-06-17 13:16:33,965 [Worker-1: Loading available Gradle versions] INFO  o.e.b.c.i.u.g.PublishedGradleVersions - Gradle version information cache is out-of-date. Trying to update.
2024-06-17 19:31:29,192 [Worker-4: Loading available Gradle versions] INFO  o.e.b.c.i.u.g.PublishedGradleVersions - Gradle version information cache is up-to-date. Trying to read.
2024-06-17 23:45:16,108 [Worker-6: Loading available Gradle versions] INFO  o.e.b.c.i.u.g.PublishedGradleVersions - Gradle version information cache is up-to-date. Trying to read.
2024-06-18 12:49:57,202 [Worker-6: Loading available Gradle versions] INFO  o.e.b.c.i.u.g.PublishedGradleVersions - Gradle version information cache is up-to-date. Trying to read.
2024-06-18 13:51:42,787 [Worker-8: Loading available Gradle versions] INFO  o.e.b.c.i.u.g.PublishedGradleVersions - Gradle version information cache is out-of-date. Trying to update.
2024-06-18 18:49:34,682 [Worker-6: Loading available Gradle versions] INFO  o.e.b.c.i.u.g.PublishedGradleVersions - Gradle version information cache is up-to-date. Trying to read.
2024-06-19 12:40:51,591 [Worker-4: Loading available Gradle versions] INFO  o.e.b.c.i.u.g.PublishedGradleVersions - Gradle version information cache is up-to-date. Trying to read.
2024-06-19 20:04:16,569 [Worker-6: Loading available Gradle versions] INFO  o.e.b.c.i.u.g.PublishedGradleVersions - Gradle version information cache is out-of-date. Trying to update.
2024-06-20 12:30:21,251 [Worker-8: Loading available Gradle versions] INFO  o.e.b.c.i.u.g.PublishedGradleVersions - Gradle version information cache is up-to-date. Trying to read.
2024-06-21 00:47:24,292 [Worker-1: Loading available Gradle versions] INFO  o.e.b.c.i.u.g.PublishedGradleVersions - Gradle version information cache is out-of-date. Trying to update.
2024-06-21 13:13:01,900 [Worker-6: Loading available Gradle versions] INFO  o.e.b.c.i.u.g.PublishedGradleVersions - Gradle version information cache is up-to-date. Trying to read.
2024-06-21 15:15:13,826 [Worker-4: Loading available Gradle versions] INFO  o.e.b.c.i.u.g.PublishedGradleVersions - Gradle version information cache is up-to-date. Trying to read.
2024-06-22 12:38:16,828 [Worker-4: Loading available Gradle versions] INFO  o.e.b.c.i.u.g.PublishedGradleVersions - Gradle version information cache is out-of-date. Trying to update.
2024-06-22 12:38:17,950 [Worker-4: Loading available Gradle versions] INFO  o.e.b.c.i.u.g.PublishedGradleVersions - Updating Gradle version information cache failed. Using outdated cache.
2024-06-22 17:36:19,341 [Worker-6: Loading available Gradle versions] INFO  o.e.b.c.i.u.g.PublishedGradleVersions - Gradle version information cache is out-of-date. Trying to update.
2024-06-24 03:07:14,120 [Worker-7: Loading available Gradle versions] INFO  o.e.b.c.i.u.g.PublishedGradleVersions - Gradle version information cache is out-of-date. Trying to update.
2024-06-24 03:07:39,667 [Worker-1: Loading available Gradle versions] INFO  o.e.b.c.i.u.g.PublishedGradleVersions - Gradle version information cache is up-to-date. Trying to read.
2024-06-24 15:09:22,989 [Worker-7: Loading available Gradle versions] INFO  o.e.b.c.i.u.g.PublishedGradleVersions - Gradle version information cache is up-to-date. Trying to read.
2024-06-24 23:08:43,806 [Worker-6: Loading available Gradle versions] INFO  o.e.b.c.i.u.g.PublishedGradleVersions - Gradle version information cache is up-to-date. Trying to read.
2024-06-25 06:03:31,100 [Worker-6: Loading available Gradle versions] INFO  o.e.b.c.i.u.g.PublishedGradleVersions - Gradle version information cache is out-of-date. Trying to update.
2024-06-25 12:24:57,934 [Worker-4: Loading available Gradle versions] INFO  o.e.b.c.i.u.g.PublishedGradleVersions - Gradle version information cache is up-to-date. Trying to read.
2024-06-25 15:40:40,357 [Worker-38: Loading available Gradle versions] INFO  o.e.b.c.i.u.g.PublishedGradleVersions - Gradle version information cache is up-to-date. Trying to read.
2024-06-25 15:44:34,318 [Worker-8: Loading available Gradle versions] INFO  o.e.b.c.i.u.g.PublishedGradleVersions - Gradle version information cache is up-to-date. Trying to read.
2024-06-26 12:37:17,005 [Worker-15: Loading available Gradle versions] INFO  o.e.b.c.i.u.g.PublishedGradleVersions - Gradle version information cache is out-of-date. Trying to update.
2024-06-26 20:56:16,455 [Worker-45: Loading available Gradle versions] INFO  o.e.b.c.i.u.g.PublishedGradleVersions - Gradle version information cache is up-to-date. Trying to read.
2024-06-26 23:08:45,159 [Worker-8: Loading available Gradle versions] INFO  o.e.b.c.i.u.g.PublishedGradleVersions - Gradle version information cache is up-to-date. Trying to read.
2024-06-27 13:30:12,572 [Worker-9: Loading available Gradle versions] INFO  o.e.b.c.i.u.g.PublishedGradleVersions - Gradle version information cache is out-of-date. Trying to update.
2024-06-28 00:35:32,942 [Worker-7: Loading available Gradle versions] INFO  o.e.b.c.i.u.g.PublishedGradleVersions - Gradle version information cache is up-to-date. Trying to read.
2024-06-28 09:35:58,929 [Worker-1: Loading available Gradle versions] INFO  o.e.b.c.i.u.g.PublishedGradleVersions - Gradle version information cache is up-to-date. Trying to read.
2024-06-30 23:15:29,260 [Worker-4: Loading available Gradle versions] INFO  o.e.b.c.i.u.g.PublishedGradleVersions - Gradle version information cache is out-of-date. Trying to update.
2024-07-02 12:49:38,963 [Worker-4: Loading available Gradle versions] INFO  o.e.b.c.i.u.g.PublishedGradleVersions - Gradle version information cache is out-of-date. Trying to update.
2024-07-02 12:49:40,329 [Worker-4: Loading available Gradle versions] INFO  o.e.b.c.i.u.g.PublishedGradleVersions - Updating Gradle version information cache failed. Using outdated cache.
2024-07-04 13:03:59,825 [Worker-4: Loading available Gradle versions] INFO  o.e.b.c.i.u.g.PublishedGradleVersions - Gradle version information cache is out-of-date. Trying to update.
2024-07-04 13:04:01,009 [Worker-4: Loading available Gradle versions] INFO  o.e.b.c.i.u.g.PublishedGradleVersions - Updating Gradle version information cache failed. Using outdated cache.
2024-07-05 14:10:48,067 [Worker-5: Loading available Gradle versions] INFO  o.e.b.c.i.u.g.PublishedGradleVersions - Gradle version information cache is out-of-date. Trying to update.
2024-07-08 14:36:15,246 [Worker-1: Loading available Gradle versions] INFO  o.e.b.c.i.u.g.PublishedGradleVersions - Gradle version information cache is out-of-date. Trying to update.
2024-07-08 14:36:15,784 [Worker-1: Loading available Gradle versions] INFO  o.e.b.c.i.u.g.PublishedGradleVersions - Updating Gradle version information cache failed. Using outdated cache.
2024-07-08 18:13:22,586 [Worker-4: Loading available Gradle versions] INFO  o.e.b.c.i.u.g.PublishedGradleVersions - Gradle version information cache is out-of-date. Trying to update.
2024-07-09 13:00:05,195 [Worker-4: Loading available Gradle versions] INFO  o.e.b.c.i.u.g.PublishedGradleVersions - Gradle version information cache is up-to-date. Trying to read.
2024-07-09 22:09:19,867 [Worker-4: Loading available Gradle versions] INFO  o.e.b.c.i.u.g.PublishedGradleVersions - Gradle version information cache is out-of-date. Trying to update.
2024-07-11 20:41:02,495 [Worker-4: Loading available Gradle versions] INFO  o.e.b.c.i.u.g.PublishedGradleVersions - Gradle version information cache is out-of-date. Trying to update.
2024-07-15 17:52:56,541 [Worker-7: Loading available Gradle versions] INFO  o.e.b.c.i.u.g.PublishedGradleVersions - Gradle version information cache is out-of-date. Trying to update.
2024-07-15 21:38:58,831 [Worker-4: Loading available Gradle versions] INFO  o.e.b.c.i.u.g.PublishedGradleVersions - Gradle version information cache is up-to-date. Trying to read.
2024-07-16 20:27:48,060 [Worker-4: Loading available Gradle versions] INFO  o.e.b.c.i.u.g.PublishedGradleVersions - Gradle version information cache is out-of-date. Trying to update.
2024-07-17 13:08:22,828 [Worker-9: Loading available Gradle versions] INFO  o.e.b.c.i.u.g.PublishedGradleVersions - Gradle version information cache is up-to-date. Trying to read.
2024-07-18 16:19:17,918 [Worker-7: Loading available Gradle versions] INFO  o.e.b.c.i.u.g.PublishedGradleVersions - Gradle version information cache is out-of-date. Trying to update.
2024-07-23 15:29:42,918 [Worker-9: Loading available Gradle versions] INFO  o.e.b.c.i.u.g.PublishedGradleVersions - Gradle version information cache is out-of-date. Trying to update.
2024-07-25 22:39:01,980 [Worker-4: Loading available Gradle versions] INFO  o.e.b.c.i.u.g.PublishedGradleVersions - Gradle version information cache is out-of-date. Trying to update.
2024-07-27 16:07:58,852 [Worker-4: Loading available Gradle versions] INFO  o.e.b.c.i.u.g.PublishedGradleVersions - Gradle version information cache is out-of-date. Trying to update.
2024-07-28 03:29:38,298 [Worker-4: Loading available Gradle versions] INFO  o.e.b.c.i.u.g.PublishedGradleVersions - Gradle version information cache is up-to-date. Trying to read.
2024-07-28 23:14:55,138 [Worker-6: Loading available Gradle versions] INFO  o.e.b.c.i.u.g.PublishedGradleVersions - Gradle version information cache is out-of-date. Trying to update.
2024-07-29 15:42:24,487 [Worker-7: Loading available Gradle versions] INFO  o.e.b.c.i.u.g.PublishedGradleVersions - Gradle version information cache is up-to-date. Trying to read.
2024-07-29 21:51:34,139 [Worker-8: Loading available Gradle versions] INFO  o.e.b.c.i.u.g.PublishedGradleVersions - Gradle version information cache is up-to-date. Trying to read.
2024-07-30 15:40:33,982 [Worker-4: Loading available Gradle versions] INFO  o.e.b.c.i.u.g.PublishedGradleVersions - Gradle version information cache is up-to-date. Trying to read.
2024-08-03 17:15:19,354 [Worker-6: Loading available Gradle versions] INFO  o.e.b.c.i.u.g.PublishedGradleVersions - Gradle version information cache is up-to-date. Trying to read.
2024-08-05 19:32:23,237 [Worker-4: Loading available Gradle versions] INFO  o.e.b.c.i.u.g.PublishedGradleVersions - Gradle version information cache is out-of-date. Trying to update.
2024-08-27 13:32:43,820 [Worker-9: Loading available Gradle versions] INFO  o.e.b.c.i.u.g.PublishedGradleVersions - Gradle version information cache is out-of-date. Trying to update.
2024-08-30 17:39:05,869 [Worker-4: Loading available Gradle versions] INFO  o.e.b.c.i.u.g.PublishedGradleVersions - Gradle version information cache is out-of-date. Trying to update.
2024-08-30 17:39:06,812 [Worker-4: Loading available Gradle versions] INFO  o.e.b.c.i.u.g.PublishedGradleVersions - Updating Gradle version information cache failed. Using outdated cache.
2024-09-04 16:19:35,772 [Worker-6: Loading available Gradle versions] INFO  o.e.b.c.i.u.g.PublishedGradleVersions - Gradle version information cache is out-of-date. Trying to update.
2024-09-05 17:01:34,421 [Worker-4: Loading available Gradle versions] INFO  o.e.b.c.i.u.g.PublishedGradleVersions - Gradle version information cache is out-of-date. Trying to update.
2024-09-05 17:01:35,204 [Worker-4: Loading available Gradle versions] INFO  o.e.b.c.i.u.g.PublishedGradleVersions - Updating Gradle version information cache failed. Using outdated cache.
2024-09-06 17:35:17,975 [Worker-6: Loading available Gradle versions] INFO  o.e.b.c.i.u.g.PublishedGradleVersions - Gradle version information cache is out-of-date. Trying to update.
2024-09-09 17:22:27,752 [Worker-9: Loading available Gradle versions] INFO  o.e.b.c.i.u.g.PublishedGradleVersions - Gradle version information cache is out-of-date. Trying to update.
2024-09-11 21:34:08,447 [Worker-6: Loading available Gradle versions] INFO  o.e.b.c.i.u.g.PublishedGradleVersions - Gradle version information cache is out-of-date. Trying to update.
2024-09-11 21:34:09,562 [Worker-6: Loading available Gradle versions] INFO  o.e.b.c.i.u.g.PublishedGradleVersions - Updating Gradle version information cache failed. Using outdated cache.
2024-09-15 17:44:25,574 [Worker-3: Loading available Gradle versions] INFO  o.e.b.c.i.u.g.PublishedGradleVersions - Gradle version information cache is out-of-date. Trying to update.
2024-10-04 14:50:15,565 [Worker-9: Loading available Gradle versions] INFO  o.e.b.c.i.u.g.PublishedGradleVersions - Gradle version information cache is out-of-date. Trying to update.
2024-10-06 16:03:18,691 [Worker-4: Loading available Gradle versions] INFO  o.e.b.c.i.u.g.PublishedGradleVersions - Gradle version information cache is out-of-date. Trying to update.
2024-10-06 19:05:06,291 [Worker-36: Loading available Gradle versions] INFO  o.e.b.c.i.u.g.PublishedGradleVersions - Gradle version information cache is up-to-date. Trying to read.
2024-10-08 19:03:04,154 [Worker-6: Loading available Gradle versions] INFO  o.e.b.c.i.u.g.PublishedGradleVersions - Gradle version information cache is out-of-date. Trying to update.
2024-10-09 21:08:40,361 [Worker-8: Loading available Gradle versions] INFO  o.e.b.c.i.u.g.PublishedGradleVersions - Gradle version information cache is out-of-date. Trying to update.
2024-10-09 21:09:17,699 [Worker-2: Loading available Gradle versions] INFO  o.e.b.c.i.u.g.PublishedGradleVersions - Gradle version information cache is up-to-date. Trying to read.
2024-10-10 20:18:00,928 [Worker-25: Loading available Gradle versions] INFO  o.e.b.c.i.u.g.PublishedGradleVersions - Gradle version information cache is up-to-date. Trying to read.
2024-10-11 15:35:30,245 [Worker-6: Loading available Gradle versions] INFO  o.e.b.c.i.u.g.PublishedGradleVersions - Gradle version information cache is out-of-date. Trying to update.
2024-10-11 15:35:41,994 [Worker-6: Loading available Gradle versions] INFO  o.e.b.c.i.u.g.PublishedGradleVersions - Updating Gradle version information cache failed. Using outdated cache.
2024-10-11 15:40:16,094 [Worker-7: Loading available Gradle versions] INFO  o.e.b.c.i.u.g.PublishedGradleVersions - Gradle version information cache is out-of-date. Trying to update.
2024-10-26 18:41:42,842 [Worker-8: Loading available Gradle versions] INFO  o.e.b.c.i.u.g.PublishedGradleVersions - Gradle version information cache is up-to-date. Trying to read.
2024-10-26 19:15:04,966 [Worker-21: Loading available Gradle versions] INFO  o.e.b.c.i.u.g.PublishedGradleVersions - Gradle version information cache is up-to-date. Trying to read.
2024-10-27 11:38:13,272 [Worker-6: Loading available Gradle versions] INFO  o.e.b.c.i.u.g.PublishedGradleVersions - Gradle version information cache is out-of-date. Trying to update.
2024-10-27 11:38:34,448 [Worker-6: Loading available Gradle versions] INFO  o.e.b.c.i.u.g.PublishedGradleVersions - Gradle version information cache is up-to-date. Trying to read.
2024-10-27 11:54:22,400 [Start Help Server] INFO  org.eclipse.jetty.server.Server - jetty-12.0.9; built: 2024-05-03T13:03:17.262Z; git: efe8023327e67287f9bfd006700e6a71d45b5dd6; jvm 22.0.1+8-16
2024-10-27 11:54:22,552 [Start Help Server] INFO  o.e.j.server.handler.ContextHandler - Started oeje8n.ContextHandler$CoreContextHandler@158d2d29{/help,/help,b=null,a=AVAILABLE,h=oeje8n.ContextHandler$CoreContextHandler$CoreToNestedHandler@4bd5001d{STARTED}}
2024-10-27 11:54:22,553 [Start Help Server] INFO  o.e.j.s.DefaultSessionIdManager - Session workerName=node0
2024-10-27 11:54:22,599 [Start Help Server] INFO  o.e.jetty.server.AbstractConnector - Started ServerConnector@6bcc65f5{HTTP/1.1, (http/1.1)}{127.0.0.1:58825}
2024-10-27 11:54:22,605 [Start Help Server] INFO  org.eclipse.jetty.server.Server - Started oejs.Server@6eeb60a0{STARTING}[12.0.9,sto=0] @958502ms
2024-10-27 11:54:23,385 [qtp1253510655-340] INFO  o.e.j.e.nested.ContextHandler._help - Warning: No org.apache.tomcat.JarScanner set in ServletContext. Falling back to default JarScanner implementation.
2024-10-27 11:54:23,994 [qtp1253510655-340] INFO  o.e.j.e.nested.ContextHandler._help - Warning: No org.apache.tomcat.JarScanner set in ServletContext. Falling back to default JarScanner implementation.
2024-10-27 11:56:21,238 [Stop Help Server] INFO  org.eclipse.jetty.server.Server - Stopped oejs.Server@6eeb60a0{STOPPING}[12.0.9,sto=0]
2024-10-27 11:56:21,244 [Stop Help Server] INFO  o.e.jetty.server.AbstractConnector - Stopped ServerConnector@6bcc65f5{HTTP/1.1, (http/1.1)}{127.0.0.1:0}
2024-10-27 11:56:36,044 [Worker-8: Loading available Gradle versions] INFO  o.e.b.c.i.u.g.PublishedGradleVersions - Gradle version information cache is up-to-date. Trying to read.
2024-10-27 12:07:34,101 [Worker-6: Loading available Gradle versions] INFO  o.e.b.c.i.u.g.PublishedGradleVersions - Gradle version information cache is up-to-date. Trying to read.
2024-10-28 21:49:45,055 [Worker-8: Loading available Gradle versions] INFO  o.e.b.c.i.u.g.PublishedGradleVersions - Gradle version information cache is out-of-date. Trying to update.
2024-11-12 12:55:49,121 [Worker-6: Loading available Gradle versions] INFO  o.e.b.c.i.u.g.PublishedGradleVersions - Gradle version information cache is out-of-date. Trying to update.
2024-11-12 12:58:47,901 [Worker-7: Loading available Gradle versions] INFO  o.e.b.c.i.u.g.PublishedGradleVersions - Gradle version information cache is up-to-date. Trying to read.
2024-12-31 17:18:10,057 [Worker-6: Loading available Gradle versions] INFO  o.e.b.c.i.u.g.PublishedGradleVersions - Gradle version information cache is out-of-date. Trying to update.
2024-12-31 17:21:53,570 [Worker-4: Loading available Gradle versions] INFO  o.e.b.c.i.u.g.PublishedGradleVersions - Gradle version information cache is up-to-date. Trying to read.
2025-01-28 13:07:33,536 [Worker-8: Loading available Gradle versions] INFO  o.e.b.c.i.u.g.PublishedGradleVersions - Gradle version information cache is out-of-date. Trying to update.
2025-01-28 13:08:37,592 [ModalContext] INFO  o.e.m.c.i.e.AbstractTransferListenerAdapter - Downloading https://repo.maven.apache.org/maven2/org/apache/maven/archetypes/maven-archetype-quickstart/1.1/maven-archetype-quickstart-1.1.pom
2025-01-28 13:08:37,615 [ModalContext] INFO  o.e.m.c.i.e.AbstractTransferListenerAdapter - Downloaded https://repo.maven.apache.org/maven2/org/apache/maven/archetypes/maven-archetype-quickstart/1.1/maven-archetype-quickstart-1.1.pom
2025-01-28 13:08:37,708 [ModalContext] INFO  o.e.m.c.i.e.AbstractTransferListenerAdapter - Downloading https://repo.maven.apache.org/maven2/org/apache/maven/archetypes/maven-archetype-bundles/4/maven-archetype-bundles-4.pom
2025-01-28 13:08:37,724 [ModalContext] INFO  o.e.m.c.i.e.AbstractTransferListenerAdapter - Downloaded https://repo.maven.apache.org/maven2/org/apache/maven/archetypes/maven-archetype-bundles/4/maven-archetype-bundles-4.pom
2025-01-28 13:08:37,802 [ModalContext] INFO  o.e.m.c.i.e.AbstractTransferListenerAdapter - Downloading https://repo.maven.apache.org/maven2/org/apache/maven/archetype/maven-archetype/2.0-alpha-5/maven-archetype-2.0-alpha-5.pom
2025-01-28 13:08:37,810 [ModalContext] INFO  o.e.m.c.i.e.AbstractTransferListenerAdapter - Downloaded https://repo.maven.apache.org/maven2/org/apache/maven/archetype/maven-archetype/2.0-alpha-5/maven-archetype-2.0-alpha-5.pom
2025-01-28 13:08:37,911 [ModalContext] INFO  o.e.m.c.i.e.AbstractTransferListenerAdapter - Downloading https://repo.maven.apache.org/maven2/org/apache/maven/archetypes/maven-archetype-quickstart/1.1/maven-archetype-quickstart-1.1.jar
2025-01-28 13:08:37,921 [ModalContext] INFO  o.e.m.c.i.e.AbstractTransferListenerAdapter - Downloaded https://repo.maven.apache.org/maven2/org/apache/maven/archetypes/maven-archetype-quickstart/1.1/maven-archetype-quickstart-1.1.jar
2025-01-28 13:09:44,106 [Worker-9: Launching mavenrun-ff056bd1-7210-46b0-bec8-0204d3dc37da] INFO  o.eclipse.m2e.core.internal.Bundles - getClasspathEntries(Bundle=org.eclipse.m2e.maven.runtime_3.9.700.20240602-2313 [297])
2025-01-28 13:09:44,107 [Worker-9: Launching mavenrun-ff056bd1-7210-46b0-bec8-0204d3dc37da] INFO  o.eclipse.m2e.core.internal.Bundles - 	Entry: C:\Users\yadny\.p2\pool\plugins\org.eclipse.m2e.maven.runtime_3.9.700.20240602-2313
2025-01-28 13:09:44,108 [Worker-9: Launching mavenrun-ff056bd1-7210-46b0-bec8-0204d3dc37da] INFO  o.eclipse.m2e.core.internal.Bundles - 	Entry: C:\Users\yadny\.p2\pool\plugins\org.eclipse.m2e.maven.runtime_3.9.700.20240602-2313\jars\aopalliance-1.0.jar
2025-01-28 13:09:44,108 [Worker-9: Launching mavenrun-ff056bd1-7210-46b0-bec8-0204d3dc37da] INFO  o.eclipse.m2e.core.internal.Bundles - 	Entry: C:\Users\yadny\.p2\pool\plugins\org.eclipse.m2e.maven.runtime_3.9.700.20240602-2313\jars\guice-5.1.0.jar
2025-01-28 13:09:44,108 [Worker-9: Launching mavenrun-ff056bd1-7210-46b0-bec8-0204d3dc37da] INFO  o.eclipse.m2e.core.internal.Bundles - 	Entry: C:\Users\yadny\.p2\pool\plugins\org.eclipse.m2e.maven.runtime_3.9.700.20240602-2313\jars\httpclient-4.5.14.jar
2025-01-28 13:09:44,108 [Worker-9: Launching mavenrun-ff056bd1-7210-46b0-bec8-0204d3dc37da] INFO  o.eclipse.m2e.core.internal.Bundles - 	Entry: C:\Users\yadny\.p2\pool\plugins\org.eclipse.m2e.maven.runtime_3.9.700.20240602-2313\jars\httpcore-4.4.16.jar
2025-01-28 13:09:44,109 [Worker-9: Launching mavenrun-ff056bd1-7210-46b0-bec8-0204d3dc37da] INFO  o.eclipse.m2e.core.internal.Bundles - 	Entry: C:\Users\yadny\.p2\pool\plugins\org.eclipse.m2e.maven.runtime_3.9.700.20240602-2313\jars\jansi-2.4.1.jar
2025-01-28 13:09:44,109 [Worker-9: Launching mavenrun-ff056bd1-7210-46b0-bec8-0204d3dc37da] INFO  o.eclipse.m2e.core.internal.Bundles - 	Entry: C:\Users\yadny\.p2\pool\plugins\org.eclipse.m2e.maven.runtime_3.9.700.20240602-2313\jars\jcl-over-slf4j-1.7.36.jar
2025-01-28 13:09:44,109 [Worker-9: Launching mavenrun-ff056bd1-7210-46b0-bec8-0204d3dc37da] INFO  o.eclipse.m2e.core.internal.Bundles - 	Entry: C:\Users\yadny\.p2\pool\plugins\org.eclipse.m2e.maven.runtime_3.9.700.20240602-2313\jars\maven-artifact-3.9.7.jar
2025-01-28 13:09:44,109 [Worker-9: Launching mavenrun-ff056bd1-7210-46b0-bec8-0204d3dc37da] INFO  o.eclipse.m2e.core.internal.Bundles - 	Entry: C:\Users\yadny\.p2\pool\plugins\org.eclipse.m2e.maven.runtime_3.9.700.20240602-2313\jars\maven-builder-support-3.9.7.jar
2025-01-28 13:09:44,109 [Worker-9: Launching mavenrun-ff056bd1-7210-46b0-bec8-0204d3dc37da] INFO  o.eclipse.m2e.core.internal.Bundles - 	Entry: C:\Users\yadny\.p2\pool\plugins\org.eclipse.m2e.maven.runtime_3.9.700.20240602-2313\jars\maven-compat-3.9.7.jar
2025-01-28 13:09:44,109 [Worker-9: Launching mavenrun-ff056bd1-7210-46b0-bec8-0204d3dc37da] INFO  o.eclipse.m2e.core.internal.Bundles - 	Entry: C:\Users\yadny\.p2\pool\plugins\org.eclipse.m2e.maven.runtime_3.9.700.20240602-2313\jars\maven-core-3.9.7.jar
2025-01-28 13:09:44,109 [Worker-9: Launching mavenrun-ff056bd1-7210-46b0-bec8-0204d3dc37da] INFO  o.eclipse.m2e.core.internal.Bundles - 	Entry: C:\Users\yadny\.p2\pool\plugins\org.eclipse.m2e.maven.runtime_3.9.700.20240602-2313\jars\maven-embedder-3.9.7.jar
2025-01-28 13:09:44,110 [Worker-9: Launching mavenrun-ff056bd1-7210-46b0-bec8-0204d3dc37da] INFO  o.eclipse.m2e.core.internal.Bundles - 	Entry: C:\Users\yadny\.p2\pool\plugins\org.eclipse.m2e.maven.runtime_3.9.700.20240602-2313\jars\maven-model-3.9.7.jar
2025-01-28 13:09:44,110 [Worker-9: Launching mavenrun-ff056bd1-7210-46b0-bec8-0204d3dc37da] INFO  o.eclipse.m2e.core.internal.Bundles - 	Entry: C:\Users\yadny\.p2\pool\plugins\org.eclipse.m2e.maven.runtime_3.9.700.20240602-2313\jars\maven-model-builder-3.9.7.jar
2025-01-28 13:09:44,110 [Worker-9: Launching mavenrun-ff056bd1-7210-46b0-bec8-0204d3dc37da] INFO  o.eclipse.m2e.core.internal.Bundles - 	Entry: C:\Users\yadny\.p2\pool\plugins\org.eclipse.m2e.maven.runtime_3.9.700.20240602-2313\jars\maven-plugin-api-3.9.7.jar
2025-01-28 13:09:44,110 [Worker-9: Launching mavenrun-ff056bd1-7210-46b0-bec8-0204d3dc37da] INFO  o.eclipse.m2e.core.internal.Bundles - 	Entry: C:\Users\yadny\.p2\pool\plugins\org.eclipse.m2e.maven.runtime_3.9.700.20240602-2313\jars\maven-repository-metadata-3.9.7.jar
2025-01-28 13:09:44,110 [Worker-9: Launching mavenrun-ff056bd1-7210-46b0-bec8-0204d3dc37da] INFO  o.eclipse.m2e.core.internal.Bundles - 	Entry: C:\Users\yadny\.p2\pool\plugins\org.eclipse.m2e.maven.runtime_3.9.700.20240602-2313\jars\maven-resolver-api-1.9.20.jar
2025-01-28 13:09:44,110 [Worker-9: Launching mavenrun-ff056bd1-7210-46b0-bec8-0204d3dc37da] INFO  o.eclipse.m2e.core.internal.Bundles - 	Entry: C:\Users\yadny\.p2\pool\plugins\org.eclipse.m2e.maven.runtime_3.9.700.20240602-2313\jars\maven-resolver-connector-basic-1.9.20.jar
2025-01-28 13:09:44,111 [Worker-9: Launching mavenrun-ff056bd1-7210-46b0-bec8-0204d3dc37da] INFO  o.eclipse.m2e.core.internal.Bundles - 	Entry: C:\Users\yadny\.p2\pool\plugins\org.eclipse.m2e.maven.runtime_3.9.700.20240602-2313\jars\maven-resolver-impl-1.9.20.jar
2025-01-28 13:09:44,111 [Worker-9: Launching mavenrun-ff056bd1-7210-46b0-bec8-0204d3dc37da] INFO  o.eclipse.m2e.core.internal.Bundles - 	Entry: C:\Users\yadny\.p2\pool\plugins\org.eclipse.m2e.maven.runtime_3.9.700.20240602-2313\jars\maven-resolver-named-locks-1.9.20.jar
2025-01-28 13:09:44,111 [Worker-9: Launching mavenrun-ff056bd1-7210-46b0-bec8-0204d3dc37da] INFO  o.eclipse.m2e.core.internal.Bundles - 	Entry: C:\Users\yadny\.p2\pool\plugins\org.eclipse.m2e.maven.runtime_3.9.700.20240602-2313\jars\maven-resolver-provider-3.9.7.jar
2025-01-28 13:09:44,111 [Worker-9: Launching mavenrun-ff056bd1-7210-46b0-bec8-0204d3dc37da] INFO  o.eclipse.m2e.core.internal.Bundles - 	Entry: C:\Users\yadny\.p2\pool\plugins\org.eclipse.m2e.maven.runtime_3.9.700.20240602-2313\jars\maven-resolver-spi-1.9.20.jar
2025-01-28 13:09:44,111 [Worker-9: Launching mavenrun-ff056bd1-7210-46b0-bec8-0204d3dc37da] INFO  o.eclipse.m2e.core.internal.Bundles - 	Entry: C:\Users\yadny\.p2\pool\plugins\org.eclipse.m2e.maven.runtime_3.9.700.20240602-2313\jars\maven-resolver-transport-file-1.9.20.jar
2025-01-28 13:09:44,111 [Worker-9: Launching mavenrun-ff056bd1-7210-46b0-bec8-0204d3dc37da] INFO  o.eclipse.m2e.core.internal.Bundles - 	Entry: C:\Users\yadny\.p2\pool\plugins\org.eclipse.m2e.maven.runtime_3.9.700.20240602-2313\jars\maven-resolver-transport-http-1.9.20.jar
2025-01-28 13:09:44,111 [Worker-9: Launching mavenrun-ff056bd1-7210-46b0-bec8-0204d3dc37da] INFO  o.eclipse.m2e.core.internal.Bundles - 	Entry: C:\Users\yadny\.p2\pool\plugins\org.eclipse.m2e.maven.runtime_3.9.700.20240602-2313\jars\maven-resolver-transport-wagon-1.9.20.jar
2025-01-28 13:09:44,112 [Worker-9: Launching mavenrun-ff056bd1-7210-46b0-bec8-0204d3dc37da] INFO  o.eclipse.m2e.core.internal.Bundles - 	Entry: C:\Users\yadny\.p2\pool\plugins\org.eclipse.m2e.maven.runtime_3.9.700.20240602-2313\jars\maven-resolver-util-1.9.20.jar
2025-01-28 13:09:44,112 [Worker-9: Launching mavenrun-ff056bd1-7210-46b0-bec8-0204d3dc37da] INFO  o.eclipse.m2e.core.internal.Bundles - 	Entry: C:\Users\yadny\.p2\pool\plugins\org.eclipse.m2e.maven.runtime_3.9.700.20240602-2313\jars\maven-settings-3.9.7.jar
2025-01-28 13:09:44,112 [Worker-9: Launching mavenrun-ff056bd1-7210-46b0-bec8-0204d3dc37da] INFO  o.eclipse.m2e.core.internal.Bundles - 	Entry: C:\Users\yadny\.p2\pool\plugins\org.eclipse.m2e.maven.runtime_3.9.700.20240602-2313\jars\maven-settings-builder-3.9.7.jar
2025-01-28 13:09:44,112 [Worker-9: Launching mavenrun-ff056bd1-7210-46b0-bec8-0204d3dc37da] INFO  o.eclipse.m2e.core.internal.Bundles - 	Entry: C:\Users\yadny\.p2\pool\plugins\org.eclipse.m2e.maven.runtime_3.9.700.20240602-2313\jars\maven-shared-utils-3.4.2.jar
2025-01-28 13:09:44,112 [Worker-9: Launching mavenrun-ff056bd1-7210-46b0-bec8-0204d3dc37da] INFO  o.eclipse.m2e.core.internal.Bundles - 	Entry: C:\Users\yadny\.p2\pool\plugins\org.eclipse.m2e.maven.runtime_3.9.700.20240602-2313\jars\org.eclipse.sisu.inject-0.9.0.M2.jar
2025-01-28 13:09:44,112 [Worker-9: Launching mavenrun-ff056bd1-7210-46b0-bec8-0204d3dc37da] INFO  o.eclipse.m2e.core.internal.Bundles - 	Entry: C:\Users\yadny\.p2\pool\plugins\org.eclipse.m2e.maven.runtime_3.9.700.20240602-2313\jars\org.eclipse.sisu.plexus-0.9.0.M2.jar
2025-01-28 13:09:44,112 [Worker-9: Launching mavenrun-ff056bd1-7210-46b0-bec8-0204d3dc37da] INFO  o.eclipse.m2e.core.internal.Bundles - 	Entry: C:\Users\yadny\.p2\pool\plugins\org.eclipse.m2e.maven.runtime_3.9.700.20240602-2313\jars\plexus-build-api-0.0.7.jar
2025-01-28 13:09:44,113 [Worker-9: Launching mavenrun-ff056bd1-7210-46b0-bec8-0204d3dc37da] INFO  o.eclipse.m2e.core.internal.Bundles - 	Entry: C:\Users\yadny\.p2\pool\plugins\org.eclipse.m2e.maven.runtime_3.9.700.20240602-2313\jars\plexus-build-api-1.2.0.jar
2025-01-28 13:09:44,113 [Worker-9: Launching mavenrun-ff056bd1-7210-46b0-bec8-0204d3dc37da] INFO  o.eclipse.m2e.core.internal.Bundles - 	Entry: C:\Users\yadny\.p2\pool\plugins\org.eclipse.m2e.maven.runtime_3.9.700.20240602-2313\jars\plexus-cipher-2.0.jar
2025-01-28 13:09:44,113 [Worker-9: Launching mavenrun-ff056bd1-7210-46b0-bec8-0204d3dc37da] INFO  o.eclipse.m2e.core.internal.Bundles - 	Entry: C:\Users\yadny\.p2\pool\plugins\org.eclipse.m2e.maven.runtime_3.9.700.20240602-2313\jars\plexus-classworlds-2.8.0.jar
2025-01-28 13:09:44,113 [Worker-9: Launching mavenrun-ff056bd1-7210-46b0-bec8-0204d3dc37da] INFO  o.eclipse.m2e.core.internal.Bundles - 	Entry: C:\Users\yadny\.p2\pool\plugins\org.eclipse.m2e.maven.runtime_3.9.700.20240602-2313\jars\plexus-component-annotations-2.1.0.jar
2025-01-28 13:09:44,113 [Worker-9: Launching mavenrun-ff056bd1-7210-46b0-bec8-0204d3dc37da] INFO  o.eclipse.m2e.core.internal.Bundles - 	Entry: C:\Users\yadny\.p2\pool\plugins\org.eclipse.m2e.maven.runtime_3.9.700.20240602-2313\jars\plexus-interpolation-1.27.jar
2025-01-28 13:09:44,113 [Worker-9: Launching mavenrun-ff056bd1-7210-46b0-bec8-0204d3dc37da] INFO  o.eclipse.m2e.core.internal.Bundles - 	Entry: C:\Users\yadny\.p2\pool\plugins\org.eclipse.m2e.maven.runtime_3.9.700.20240602-2313\jars\plexus-sec-dispatcher-2.0.jar
2025-01-28 13:09:44,113 [Worker-9: Launching mavenrun-ff056bd1-7210-46b0-bec8-0204d3dc37da] INFO  o.eclipse.m2e.core.internal.Bundles - 	Entry: C:\Users\yadny\.p2\pool\plugins\org.eclipse.m2e.maven.runtime_3.9.700.20240602-2313\jars\plexus-utils-3.5.1.jar
2025-01-28 13:09:44,114 [Worker-9: Launching mavenrun-ff056bd1-7210-46b0-bec8-0204d3dc37da] INFO  o.eclipse.m2e.core.internal.Bundles - 	Entry: C:\Users\yadny\.p2\pool\plugins\org.eclipse.m2e.maven.runtime_3.9.700.20240602-2313\jars\wagon-file-3.5.3.jar
2025-01-28 13:09:44,114 [Worker-9: Launching mavenrun-ff056bd1-7210-46b0-bec8-0204d3dc37da] INFO  o.eclipse.m2e.core.internal.Bundles - 	Entry: C:\Users\yadny\.p2\pool\plugins\org.eclipse.m2e.maven.runtime_3.9.700.20240602-2313\jars\wagon-http-3.5.3.jar
2025-01-28 13:09:44,114 [Worker-9: Launching mavenrun-ff056bd1-7210-46b0-bec8-0204d3dc37da] INFO  o.eclipse.m2e.core.internal.Bundles - 	Entry: C:\Users\yadny\.p2\pool\plugins\org.eclipse.m2e.maven.runtime_3.9.700.20240602-2313\jars\wagon-http-shared-3.5.3.jar
2025-01-28 13:09:44,114 [Worker-9: Launching mavenrun-ff056bd1-7210-46b0-bec8-0204d3dc37da] INFO  o.eclipse.m2e.core.internal.Bundles - 	Entry: C:\Users\yadny\.p2\pool\plugins\org.eclipse.m2e.maven.runtime_3.9.700.20240602-2313\jars\wagon-provider-api-3.5.3.jar
2025-01-28 13:09:44,118 [Worker-9: Launching mavenrun-ff056bd1-7210-46b0-bec8-0204d3dc37da] INFO  o.eclipse.m2e.core.internal.Bundles - getClasspathEntries(Bundle=com.google.guava_33.2.0.jre [10])
2025-01-28 13:09:44,119 [Worker-9: Launching mavenrun-ff056bd1-7210-46b0-bec8-0204d3dc37da] INFO  o.eclipse.m2e.core.internal.Bundles - 	Entry: C:\Users\yadny\.p2\pool\plugins\com.google.guava_33.2.0.jre.jar
2025-01-28 13:09:44,119 [Worker-9: Launching mavenrun-ff056bd1-7210-46b0-bec8-0204d3dc37da] INFO  o.eclipse.m2e.core.internal.Bundles - getClasspathEntries(Bundle=slf4j.api_2.0.13 [518])
2025-01-28 13:09:44,119 [Worker-9: Launching mavenrun-ff056bd1-7210-46b0-bec8-0204d3dc37da] INFO  o.eclipse.m2e.core.internal.Bundles - 	Entry: C:\Users\yadny\.p2\pool\plugins\slf4j.api_2.0.13.jar
2025-01-28 13:09:44,119 [Worker-9: Launching mavenrun-ff056bd1-7210-46b0-bec8-0204d3dc37da] INFO  o.eclipse.m2e.core.internal.Bundles - getClasspathEntries(Bundle=jakarta.inject.jakarta.inject-api_1.0.5 [21])
2025-01-28 13:09:44,120 [Worker-9: Launching mavenrun-ff056bd1-7210-46b0-bec8-0204d3dc37da] INFO  o.eclipse.m2e.core.internal.Bundles - 	Entry: C:\Users\yadny\.p2\pool\plugins\jakarta.inject.jakarta.inject-api_1.0.5.jar
2025-01-28 13:09:44,120 [Worker-9: Launching mavenrun-ff056bd1-7210-46b0-bec8-0204d3dc37da] INFO  o.eclipse.m2e.core.internal.Bundles - getClasspathEntries(Bundle=javax.annotation_1.3.5.v20200909-1856 [24])
2025-01-28 13:09:44,120 [Worker-9: Launching mavenrun-ff056bd1-7210-46b0-bec8-0204d3dc37da] INFO  o.eclipse.m2e.core.internal.Bundles - 	Entry: C:\Users\yadny\.p2\pool\plugins\javax.annotation_1.3.5.v20200909-1856.jar
2025-01-28 13:09:44,120 [Worker-9: Launching mavenrun-ff056bd1-7210-46b0-bec8-0204d3dc37da] INFO  o.eclipse.m2e.core.internal.Bundles - getClasspathEntries(Bundle=org.apache.commons.cli_1.8.0 [47])
2025-01-28 13:09:44,121 [Worker-9: Launching mavenrun-ff056bd1-7210-46b0-bec8-0204d3dc37da] INFO  o.eclipse.m2e.core.internal.Bundles - 	Entry: C:\Users\yadny\.p2\pool\plugins\org.apache.commons.cli_1.8.0.jar
2025-01-28 13:09:44,121 [Worker-9: Launching mavenrun-ff056bd1-7210-46b0-bec8-0204d3dc37da] INFO  o.eclipse.m2e.core.internal.Bundles - getClasspathEntries(Bundle=org.apache.commons.commons-codec_1.16.0 [48])
2025-01-28 13:09:44,121 [Worker-9: Launching mavenrun-ff056bd1-7210-46b0-bec8-0204d3dc37da] INFO  o.eclipse.m2e.core.internal.Bundles - 	Entry: C:\Users\yadny\.p2\pool\plugins\org.apache.commons.commons-codec_1.16.0.jar
2025-01-28 13:09:44,121 [Worker-9: Launching mavenrun-ff056bd1-7210-46b0-bec8-0204d3dc37da] INFO  o.eclipse.m2e.core.internal.Bundles - getClasspathEntries(Bundle=org.apache.commons.lang3_3.14.0 [54])
2025-01-28 13:09:44,122 [Worker-9: Launching mavenrun-ff056bd1-7210-46b0-bec8-0204d3dc37da] INFO  o.eclipse.m2e.core.internal.Bundles - 	Entry: C:\Users\yadny\.p2\pool\plugins\org.apache.commons.lang3_3.14.0.jar
2025-01-28 13:09:44,122 [Worker-9: Launching mavenrun-ff056bd1-7210-46b0-bec8-0204d3dc37da] INFO  o.eclipse.m2e.core.internal.Bundles - getClasspathEntries(Bundle=com.google.guava.failureaccess_1.0.2 [11])
2025-01-28 13:09:44,122 [Worker-9: Launching mavenrun-ff056bd1-7210-46b0-bec8-0204d3dc37da] INFO  o.eclipse.m2e.core.internal.Bundles - 	Entry: C:\Users\yadny\.p2\pool\plugins\com.google.guava.failureaccess_1.0.2.jar
2025-01-28 13:09:44,135 [Worker-9: Launching mavenrun-ff056bd1-7210-46b0-bec8-0204d3dc37da] INFO  o.e.m.i.launch.MavenLaunchDelegate - Run build in "C:\Users\yadny\AppData\Local\Temp\m2e-archetypeGenerator1390185471368591680":
2025-01-28 13:09:44,139 [Worker-9: Launching mavenrun-ff056bd1-7210-46b0-bec8-0204d3dc37da] INFO  o.e.m.i.launch.MavenLaunchDelegate -  mvn  -DarchetypeGroupId=org.apache.maven.archetypes -DarchetypeArtifactId=maven-archetype-quickstart -DarchetypeVersion=1.1 -DgroupId=com.hibernate -DartifactId=Hibernate -Dversion=0.0.1-SNAPSHOT -Dpackage=com.hibernate -DoutputDirectory=D:\Hibernate -Dstyle.color=always -U archetype:generate
2025-01-28 13:13:05,919 [Worker-22: Creating maven-archetype-quickstart] INFO  o.e.m.c.i.p.ProjectConfigurationManager - Collecting project info '/pom.xml' D:\Hibernate\Hibernate\pom.xml
2025-01-28 13:13:06,398 [Worker-22: Creating maven-archetype-quickstart] INFO  o.e.m.c.i.l.LifecycleMappingFactory - Using org.eclipse.m2e.jdt.JarLifecycleMapping lifecycle mapping for MavenProject: com.hibernate:Hibernate:0.0.1-SNAPSHOT @ D:\Hibernate\Hibernate\pom.xml.
2025-01-28 13:13:06,613 [Worker-22: Creating maven-archetype-quickstart] INFO  o.e.m.c.i.e.AbstractTransferListenerAdapter - Downloading https://repo.maven.apache.org/maven2/junit/junit/3.8.1/junit-3.8.1.jar
2025-01-28 13:13:07,867 [Worker-22: Creating maven-archetype-quickstart] INFO  o.e.m.c.i.e.AbstractTransferListenerAdapter - Downloaded https://repo.maven.apache.org/maven2/junit/junit/3.8.1/junit-3.8.1.jar
2025-01-28 13:13:07,945 [Worker-22: Creating maven-archetype-quickstart] INFO  o.e.m.c.i.e.AbstractTransferListenerAdapter - Downloading https://repo.maven.apache.org/maven2/org/apache/maven/plugins/maven-surefire-plugin/3.2.5/maven-surefire-plugin-3.2.5.pom
2025-01-28 13:13:07,981 [Worker-22: Creating maven-archetype-quickstart] INFO  o.e.m.c.i.e.AbstractTransferListenerAdapter - Downloaded https://repo.maven.apache.org/maven2/org/apache/maven/plugins/maven-surefire-plugin/3.2.5/maven-surefire-plugin-3.2.5.pom
2025-01-28 13:13:08,095 [Worker-22: Creating maven-archetype-quickstart] INFO  o.e.m.c.i.e.AbstractTransferListenerAdapter - Downloading https://repo.maven.apache.org/maven2/org/apache/maven/surefire/surefire/3.2.5/surefire-3.2.5.pom
2025-01-28 13:13:08,273 [Worker-22: Creating maven-archetype-quickstart] INFO  o.e.m.c.i.e.AbstractTransferListenerAdapter - Downloaded https://repo.maven.apache.org/maven2/org/apache/maven/surefire/surefire/3.2.5/surefire-3.2.5.pom
2025-01-28 13:13:08,340 [Worker-22: Creating maven-archetype-quickstart] INFO  o.e.m.c.i.e.AbstractTransferListenerAdapter - Downloading https://repo.maven.apache.org/maven2/org/apache/maven/plugins/maven-jar-plugin/3.4.1/maven-jar-plugin-3.4.1.pom
2025-01-28 13:13:08,360 [Worker-22: Creating maven-archetype-quickstart] INFO  o.e.m.c.i.e.AbstractTransferListenerAdapter - Downloaded https://repo.maven.apache.org/maven2/org/apache/maven/plugins/maven-jar-plugin/3.4.1/maven-jar-plugin-3.4.1.pom
2025-01-28 13:13:08,957 [Worker-22: Creating maven-archetype-quickstart] INFO  o.e.m.j.i.AbstractJavaProjectConfigurator - Adding source folder /Hibernate/src/main/java
2025-01-28 13:13:08,959 [Worker-22: Creating maven-archetype-quickstart] INFO  o.e.m.j.i.AbstractJavaProjectConfigurator - Adding resource folder /Hibernate/src/main/resources
2025-01-28 13:13:08,962 [Worker-22: Creating maven-archetype-quickstart] INFO  o.e.m.j.i.AbstractJavaProjectConfigurator - Adding source folder /Hibernate/src/test/java
2025-01-28 13:13:08,964 [Worker-22: Creating maven-archetype-quickstart] INFO  o.e.m.j.i.AbstractJavaProjectConfigurator - Adding resource folder /Hibernate/src/test/resources
2025-01-28 13:13:09,028 [Worker-22: Creating maven-archetype-quickstart] INFO  o.e.m.c.i.p.ProjectConfigurationManager - Imported and configured 1 project(s) in 3 sec
2025-01-28 13:13:09,370 [Worker-24: Building] INFO  o.a.m.s.f.DefaultMavenResourcesFiltering - skip non existing resourceDirectory D:\Hibernate\Hibernate\src\main\resources
2025-01-28 13:13:09,373 [Worker-24: Building] INFO  o.a.m.s.f.DefaultMavenResourcesFiltering - skip non existing resourceDirectory D:\Hibernate\Hibernate\src\test\resources
2025-01-28 13:13:09,993 [Worker-38: Download sources and javadoc] INFO  o.e.m.c.i.e.AbstractTransferListenerAdapter - Downloading https://repo.maven.apache.org/maven2/junit/junit/3.8.1/junit-3.8.1-sources.jar
2025-01-28 13:13:10,041 [Worker-38: Download sources and javadoc] INFO  o.e.m.c.i.e.AbstractTransferListenerAdapter - Downloaded https://repo.maven.apache.org/maven2/junit/junit/3.8.1/junit-3.8.1-sources.jar
2025-01-28 13:13:10,047 [Worker-38: Download sources and javadoc] INFO  o.e.m.j.internal.DownloadSourcesJob - Downloaded sources for junit:junit:3.8.1
2025-01-28 13:16:12,340 [Worker-14: Updating Maven Project] INFO  o.e.m.c.i.p.ProjectConfigurationManager - Update started
2025-01-28 13:16:12,522 [Worker-14: Updating Maven Project] INFO  o.e.m.c.i.l.LifecycleMappingFactory - Using org.eclipse.m2e.jdt.JarLifecycleMapping lifecycle mapping for MavenProject: com.hibernate:Hibernate:0.0.1-SNAPSHOT @ D:\Hibernate\Hibernate\pom.xml.
2025-01-28 13:16:12,626 [Worker-14: Updating Maven Project] INFO  o.e.m.j.i.AbstractJavaProjectConfigurator - Adding source folder /Hibernate/src/main/java
2025-01-28 13:16:12,627 [Worker-14: Updating Maven Project] INFO  o.e.m.j.i.AbstractJavaProjectConfigurator - Adding resource folder /Hibernate/src/main/resources
2025-01-28 13:16:12,628 [Worker-14: Updating Maven Project] INFO  o.e.m.j.i.AbstractJavaProjectConfigurator - Adding source folder /Hibernate/src/test/java
2025-01-28 13:16:12,628 [Worker-14: Updating Maven Project] INFO  o.e.m.j.i.AbstractJavaProjectConfigurator - Adding resource folder /Hibernate/src/test/resources
2025-01-28 13:16:12,661 [Worker-14: Updating Maven Project] INFO  o.e.m.c.i.p.ProjectConfigurationManager - Update completed for 1 poms: local refresh takes 0.00 sec, refresh facades takes 0.00 sec, update config takes 0.00 sec 
2025-01-28 13:16:12,803 [Worker-29: Building] INFO  o.a.m.s.f.DefaultMavenResourcesFiltering - skip non existing resourceDirectory D:\Hibernate\Hibernate\src\main\resources
2025-01-28 13:16:12,806 [Worker-29: Building] INFO  o.a.m.s.f.DefaultMavenResourcesFiltering - skip non existing resourceDirectory D:\Hibernate\Hibernate\src\test\resources
2025-01-28 13:17:24,044 [Worker-16: Building] INFO  o.a.m.s.f.DefaultMavenResourcesFiltering - skip non existing resourceDirectory D:\Hibernate\Hibernate\src\main\resources
2025-01-28 13:17:24,046 [Worker-16: Building] INFO  o.a.m.s.f.DefaultMavenResourcesFiltering - skip non existing resourceDirectory D:\Hibernate\Hibernate\src\test\resources
2025-01-28 13:17:49,100 [Worker-22: Launching Main] INFO  o.a.m.s.f.DefaultMavenResourcesFiltering - skip non existing resourceDirectory D:\Hibernate\Hibernate\src\main\resources
2025-01-28 13:17:49,102 [Worker-22: Launching Main] INFO  o.a.m.s.f.DefaultMavenResourcesFiltering - skip non existing resourceDirectory D:\Hibernate\Hibernate\src\test\resources
2025-01-28 13:18:13,352 [Worker-28: Building] INFO  o.a.m.s.f.DefaultMavenResourcesFiltering - skip non existing resourceDirectory D:\Hibernate\Hibernate\src\main\resources
2025-01-28 13:18:13,355 [Worker-28: Building] INFO  o.a.m.s.f.DefaultMavenResourcesFiltering - skip non existing resourceDirectory D:\Hibernate\Hibernate\src\test\resources
2025-01-28 13:21:12,305 [Worker-27: Building] INFO  o.a.m.s.f.DefaultMavenResourcesFiltering - skip non existing resourceDirectory D:\Hibernate\Hibernate\src\main\resources
2025-01-28 13:21:12,310 [Worker-27: Building] INFO  o.a.m.s.f.DefaultMavenResourcesFiltering - skip non existing resourceDirectory D:\Hibernate\Hibernate\src\test\resources
2025-01-28 13:21:32,090 [Worker-22: Building] INFO  o.a.m.s.f.DefaultMavenResourcesFiltering - skip non existing resourceDirectory D:\Hibernate\Hibernate\src\main\resources
2025-01-28 13:21:32,093 [Worker-22: Building] INFO  o.a.m.s.f.DefaultMavenResourcesFiltering - skip non existing resourceDirectory D:\Hibernate\Hibernate\src\test\resources
2025-01-28 13:22:04,130 [Worker-27: Building] INFO  o.e.m.c.i.l.LifecycleMappingFactory - Using org.eclipse.m2e.jdt.JarLifecycleMapping lifecycle mapping for MavenProject: com.hibernate:Hibernate:0.0.1-SNAPSHOT @ D:\Hibernate\Hibernate\pom.xml.
2025-01-28 13:22:04,309 [Worker-27: Building] INFO  o.e.m.c.i.e.AbstractTransferListenerAdapter - Downloading https://repo.maven.apache.org/maven2/org/hibernate/hibernate-core/6.6.5.Final/hibernate-core-6.6.5.Final.pom
2025-01-28 13:22:04,315 [Worker-27: Building] INFO  o.e.m.c.i.e.AbstractTransferListenerAdapter - Downloaded https://repo.maven.apache.org/maven2/org/hibernate/hibernate-core/6.6.5.Final/hibernate-core-6.6.5.Final.pom
2025-01-28 13:22:04,506 [Worker-27: Building] INFO  o.e.m.c.i.e.AbstractTransferListenerAdapter - Downloading https://repo.maven.apache.org/maven2/org/glassfish/jaxb/jaxb-runtime/4.0.2/jaxb-runtime-4.0.2.pom
2025-01-28 13:22:04,529 [Worker-27: Building] INFO  o.e.m.c.i.e.AbstractTransferListenerAdapter - Downloaded https://repo.maven.apache.org/maven2/org/glassfish/jaxb/jaxb-runtime/4.0.2/jaxb-runtime-4.0.2.pom
2025-01-28 13:22:04,586 [Worker-27: Building] INFO  o.e.m.c.i.e.AbstractTransferListenerAdapter - Downloading https://repo.maven.apache.org/maven2/com/sun/xml/bind/mvn/jaxb-runtime-parent/4.0.2/jaxb-runtime-parent-4.0.2.pom
2025-01-28 13:22:04,595 [Worker-27: Building] INFO  o.e.m.c.i.e.AbstractTransferListenerAdapter - Downloaded https://repo.maven.apache.org/maven2/com/sun/xml/bind/mvn/jaxb-runtime-parent/4.0.2/jaxb-runtime-parent-4.0.2.pom
2025-01-28 13:22:04,652 [Worker-27: Building] INFO  o.e.m.c.i.e.AbstractTransferListenerAdapter - Downloading https://repo.maven.apache.org/maven2/com/sun/xml/bind/mvn/jaxb-parent/4.0.2/jaxb-parent-4.0.2.pom
2025-01-28 13:22:04,675 [Worker-27: Building] INFO  o.e.m.c.i.e.AbstractTransferListenerAdapter - Downloaded https://repo.maven.apache.org/maven2/com/sun/xml/bind/mvn/jaxb-parent/4.0.2/jaxb-parent-4.0.2.pom
2025-01-28 13:22:04,749 [Worker-27: Building] INFO  o.e.m.c.i.e.AbstractTransferListenerAdapter - Downloading https://repo.maven.apache.org/maven2/com/sun/xml/bind/jaxb-bom-ext/4.0.2/jaxb-bom-ext-4.0.2.pom
2025-01-28 13:22:04,759 [Worker-27: Building] INFO  o.e.m.c.i.e.AbstractTransferListenerAdapter - Downloaded https://repo.maven.apache.org/maven2/com/sun/xml/bind/jaxb-bom-ext/4.0.2/jaxb-bom-ext-4.0.2.pom
2025-01-28 13:22:04,814 [Worker-27: Building] INFO  o.e.m.c.i.e.AbstractTransferListenerAdapter - Downloading https://repo.maven.apache.org/maven2/org/glassfish/jaxb/jaxb-bom/4.0.2/jaxb-bom-4.0.2.pom
2025-01-28 13:22:04,852 [Worker-27: Building] INFO  o.e.m.c.i.e.AbstractTransferListenerAdapter - Downloaded https://repo.maven.apache.org/maven2/org/glassfish/jaxb/jaxb-bom/4.0.2/jaxb-bom-4.0.2.pom
2025-01-28 13:22:04,903 [Worker-27: Building] INFO  o.e.m.c.i.e.AbstractTransferListenerAdapter - Downloading https://repo.maven.apache.org/maven2/org/glassfish/jaxb/jaxb-core/4.0.2/jaxb-core-4.0.2.pom
2025-01-28 13:22:04,908 [Worker-27: Building] INFO  o.e.m.c.i.e.AbstractTransferListenerAdapter - Downloaded https://repo.maven.apache.org/maven2/org/glassfish/jaxb/jaxb-core/4.0.2/jaxb-core-4.0.2.pom
2025-01-28 13:22:05,057 [Worker-27: Building] INFO  o.e.m.c.i.e.AbstractTransferListenerAdapter - Downloading https://repo.maven.apache.org/maven2/jakarta/activation/jakarta.activation-api/2.1.1/jakarta.activation-api-2.1.1.pom
2025-01-28 13:22:05,077 [Worker-27: Building] INFO  o.e.m.c.i.e.AbstractTransferListenerAdapter - Downloaded https://repo.maven.apache.org/maven2/jakarta/activation/jakarta.activation-api/2.1.1/jakarta.activation-api-2.1.1.pom
2025-01-28 13:22:05,240 [Worker-27: Building] INFO  o.e.m.c.i.e.AbstractTransferListenerAdapter - Downloading https://repo.maven.apache.org/maven2/org/eclipse/angus/angus-activation/2.0.0/angus-activation-2.0.0.pom
2025-01-28 13:22:05,253 [Worker-27: Building] INFO  o.e.m.c.i.e.AbstractTransferListenerAdapter - Downloaded https://repo.maven.apache.org/maven2/org/eclipse/angus/angus-activation/2.0.0/angus-activation-2.0.0.pom
2025-01-28 13:22:05,426 [Worker-27: Building] INFO  o.e.m.c.i.e.AbstractTransferListenerAdapter - Downloading https://repo.maven.apache.org/maven2/org/eclipse/angus/angus-activation-project/2.0.0/angus-activation-project-2.0.0.pom
2025-01-28 13:22:05,442 [Worker-27: Building] INFO  o.e.m.c.i.e.AbstractTransferListenerAdapter - Downloaded https://repo.maven.apache.org/maven2/org/eclipse/angus/angus-activation-project/2.0.0/angus-activation-project-2.0.0.pom
2025-01-28 13:22:05,494 [Worker-27: Building] INFO  o.e.m.c.i.e.AbstractTransferListenerAdapter - Downloading https://repo.maven.apache.org/maven2/org/glassfish/jaxb/txw2/4.0.2/txw2-4.0.2.pom
2025-01-28 13:22:05,500 [Worker-27: Building] INFO  o.e.m.c.i.e.AbstractTransferListenerAdapter - Downloaded https://repo.maven.apache.org/maven2/org/glassfish/jaxb/txw2/4.0.2/txw2-4.0.2.pom
2025-01-28 13:22:05,561 [Worker-27: Building] INFO  o.e.m.c.i.e.AbstractTransferListenerAdapter - Downloading https://repo.maven.apache.org/maven2/com/sun/xml/bind/mvn/jaxb-txw-parent/4.0.2/jaxb-txw-parent-4.0.2.pom
2025-01-28 13:22:05,569 [Worker-27: Building] INFO  o.e.m.c.i.e.AbstractTransferListenerAdapter - Downloaded https://repo.maven.apache.org/maven2/com/sun/xml/bind/mvn/jaxb-txw-parent/4.0.2/jaxb-txw-parent-4.0.2.pom
2025-01-28 13:22:05,584 [Worker-27: Building] WARN  o.e.m.c.i.embedder.EclipseLogger - The artifact org.hibernate:hibernate-core:pom:6.6.5.Final has been relocated to org.hibernate.orm:hibernate-core:pom:6.6.5.Final
2025-01-28 13:22:05,693 [Worker-27: Building] INFO  o.e.m.c.i.e.AbstractTransferListenerAdapter - Downloading https://repo.maven.apache.org/maven2/org/glassfish/jaxb/jaxb-runtime/4.0.2/jaxb-runtime-4.0.2.jar
2025-01-28 13:22:07,332 [Worker-27: Building] INFO  o.e.m.c.i.e.AbstractTransferListenerAdapter - Downloaded https://repo.maven.apache.org/maven2/org/glassfish/jaxb/jaxb-runtime/4.0.2/jaxb-runtime-4.0.2.jar
2025-01-28 13:22:07,392 [BasicRepositoryConnector-repo.maven.apache.org-0-0] INFO  o.e.m.c.i.e.AbstractTransferListenerAdapter - Downloading https://repo.maven.apache.org/maven2/org/glassfish/jaxb/jaxb-core/4.0.2/jaxb-core-4.0.2.jar
2025-01-28 13:22:07,582 [BasicRepositoryConnector-repo.maven.apache.org-0-0] INFO  o.e.m.c.i.e.AbstractTransferListenerAdapter - Downloaded https://repo.maven.apache.org/maven2/org/glassfish/jaxb/jaxb-core/4.0.2/jaxb-core-4.0.2.jar
2025-01-28 13:22:07,768 [BasicRepositoryConnector-repo.maven.apache.org-0-1] INFO  o.e.m.c.i.e.AbstractTransferListenerAdapter - Downloading https://repo.maven.apache.org/maven2/org/eclipse/angus/angus-activation/2.0.0/angus-activation-2.0.0.jar
2025-01-28 13:22:07,801 [BasicRepositoryConnector-repo.maven.apache.org-0-2] INFO  o.e.m.c.i.e.AbstractTransferListenerAdapter - Downloading https://repo.maven.apache.org/maven2/org/glassfish/jaxb/txw2/4.0.2/txw2-4.0.2.jar
2025-01-28 13:22:07,804 [BasicRepositoryConnector-repo.maven.apache.org-0-1] INFO  o.e.m.c.i.e.AbstractTransferListenerAdapter - Downloaded https://repo.maven.apache.org/maven2/org/eclipse/angus/angus-activation/2.0.0/angus-activation-2.0.0.jar
2025-01-28 13:22:08,006 [BasicRepositoryConnector-repo.maven.apache.org-0-2] INFO  o.e.m.c.i.e.AbstractTransferListenerAdapter - Downloaded https://repo.maven.apache.org/maven2/org/glassfish/jaxb/txw2/4.0.2/txw2-4.0.2.jar
2025-01-28 13:22:08,166 [Worker-27: Building] INFO  o.a.m.s.f.DefaultMavenResourcesFiltering - skip non existing resourceDirectory D:\Hibernate\Hibernate\src\main\resources
2025-01-28 13:22:08,169 [Worker-27: Building] INFO  o.a.m.s.f.DefaultMavenResourcesFiltering - skip non existing resourceDirectory D:\Hibernate\Hibernate\src\test\resources
2025-01-28 13:22:09,337 [Worker-23: Download sources and javadoc] INFO  o.e.m.c.i.e.AbstractTransferListenerAdapter - Downloading https://repo.maven.apache.org/maven2/jakarta/persistence/jakarta.persistence-api/3.1.0/jakarta.persistence-api-3.1.0-sources.jar
2025-01-28 13:22:09,564 [Worker-14: Building] INFO  o.a.m.s.f.DefaultMavenResourcesFiltering - skip non existing resourceDirectory D:\Hibernate\Hibernate\src\main\resources
2025-01-28 13:22:09,565 [Worker-14: Building] INFO  o.a.m.s.f.DefaultMavenResourcesFiltering - skip non existing resourceDirectory D:\Hibernate\Hibernate\src\test\resources
2025-01-28 13:22:09,578 [Worker-23: Download sources and javadoc] INFO  o.e.m.c.i.e.AbstractTransferListenerAdapter - Downloaded https://repo.maven.apache.org/maven2/jakarta/persistence/jakarta.persistence-api/3.1.0/jakarta.persistence-api-3.1.0-sources.jar
2025-01-28 13:22:09,582 [Worker-23: Download sources and javadoc] INFO  o.e.m.j.internal.DownloadSourcesJob - Downloaded sources for jakarta.persistence:jakarta.persistence-api:3.1.0
2025-01-28 13:22:09,833 [Worker-23: Download sources and javadoc] INFO  o.e.m.c.i.e.AbstractTransferListenerAdapter - Downloading https://repo.maven.apache.org/maven2/jakarta/transaction/jakarta.transaction-api/2.0.1/jakarta.transaction-api-2.0.1-sources.jar
2025-01-28 13:22:09,880 [Worker-23: Download sources and javadoc] INFO  o.e.m.c.i.e.AbstractTransferListenerAdapter - Downloaded https://repo.maven.apache.org/maven2/jakarta/transaction/jakarta.transaction-api/2.0.1/jakarta.transaction-api-2.0.1-sources.jar
2025-01-28 13:22:09,885 [Worker-23: Download sources and javadoc] INFO  o.e.m.j.internal.DownloadSourcesJob - Downloaded sources for jakarta.transaction:jakarta.transaction-api:2.0.1
2025-01-28 13:22:10,346 [Worker-23: Download sources and javadoc] INFO  o.e.m.c.i.e.AbstractTransferListenerAdapter - Downloading https://repo.maven.apache.org/maven2/org/jboss/logging/jboss-logging/3.5.0.Final/jboss-logging-3.5.0.Final-sources.jar
2025-01-28 13:22:10,441 [Worker-23: Download sources and javadoc] INFO  o.e.m.c.i.e.AbstractTransferListenerAdapter - Downloaded https://repo.maven.apache.org/maven2/org/jboss/logging/jboss-logging/3.5.0.Final/jboss-logging-3.5.0.Final-sources.jar
2025-01-28 13:22:10,448 [Worker-23: Download sources and javadoc] INFO  o.e.m.j.internal.DownloadSourcesJob - Downloaded sources for org.jboss.logging:jboss-logging:3.5.0.Final
2025-01-28 13:22:10,945 [Worker-23: Download sources and javadoc] INFO  o.e.m.c.i.e.AbstractTransferListenerAdapter - Downloading https://repo.maven.apache.org/maven2/org/hibernate/common/hibernate-commons-annotations/7.0.3.Final/hibernate-commons-annotations-7.0.3.Final-sources.jar
2025-01-28 13:22:10,954 [Worker-23: Download sources and javadoc] INFO  o.e.m.c.i.e.AbstractTransferListenerAdapter - Downloaded https://repo.maven.apache.org/maven2/org/hibernate/common/hibernate-commons-annotations/7.0.3.Final/hibernate-commons-annotations-7.0.3.Final-sources.jar
2025-01-28 13:22:10,959 [Worker-23: Download sources and javadoc] INFO  o.e.m.j.internal.DownloadSourcesJob - Downloaded sources for org.hibernate.common:hibernate-commons-annotations:7.0.3.Final
2025-01-28 13:22:11,133 [Worker-23: Download sources and javadoc] INFO  o.e.m.c.i.e.AbstractTransferListenerAdapter - Downloading https://repo.maven.apache.org/maven2/io/smallrye/jandex/3.2.0/jandex-3.2.0-sources.jar
2025-01-28 13:22:11,276 [Worker-23: Download sources and javadoc] INFO  o.e.m.c.i.e.AbstractTransferListenerAdapter - Downloaded https://repo.maven.apache.org/maven2/io/smallrye/jandex/3.2.0/jandex-3.2.0-sources.jar
2025-01-28 13:22:11,281 [Worker-23: Download sources and javadoc] INFO  o.e.m.j.internal.DownloadSourcesJob - Downloaded sources for io.smallrye:jandex:3.2.0
2025-01-28 13:22:11,430 [Worker-23: Download sources and javadoc] INFO  o.e.m.c.i.e.AbstractTransferListenerAdapter - Downloading https://repo.maven.apache.org/maven2/com/fasterxml/classmate/1.5.1/classmate-1.5.1-sources.jar
2025-01-28 13:22:11,492 [Worker-23: Download sources and javadoc] INFO  o.e.m.c.i.e.AbstractTransferListenerAdapter - Downloaded https://repo.maven.apache.org/maven2/com/fasterxml/classmate/1.5.1/classmate-1.5.1-sources.jar
2025-01-28 13:22:11,499 [Worker-23: Download sources and javadoc] INFO  o.e.m.j.internal.DownloadSourcesJob - Downloaded sources for com.fasterxml:classmate:1.5.1
2025-01-28 13:22:11,664 [Worker-23: Download sources and javadoc] INFO  o.e.m.c.i.e.AbstractTransferListenerAdapter - Downloading https://repo.maven.apache.org/maven2/net/bytebuddy/byte-buddy/1.15.11/byte-buddy-1.15.11-sources.jar
2025-01-28 13:22:13,883 [Worker-23: Download sources and javadoc] INFO  o.e.m.c.i.e.AbstractTransferListenerAdapter - Downloaded https://repo.maven.apache.org/maven2/net/bytebuddy/byte-buddy/1.15.11/byte-buddy-1.15.11-sources.jar
2025-01-28 13:22:13,889 [Worker-23: Download sources and javadoc] INFO  o.e.m.j.internal.DownloadSourcesJob - Downloaded sources for net.bytebuddy:byte-buddy:1.15.11
2025-01-28 13:22:14,134 [Worker-23: Download sources and javadoc] INFO  o.e.m.c.i.e.AbstractTransferListenerAdapter - Downloading https://repo.maven.apache.org/maven2/jakarta/xml/bind/jakarta.xml.bind-api/4.0.0/jakarta.xml.bind-api-4.0.0-sources.jar
2025-01-28 13:22:14,331 [Worker-23: Download sources and javadoc] INFO  o.e.m.c.i.e.AbstractTransferListenerAdapter - Downloaded https://repo.maven.apache.org/maven2/jakarta/xml/bind/jakarta.xml.bind-api/4.0.0/jakarta.xml.bind-api-4.0.0-sources.jar
2025-01-28 13:22:14,336 [Worker-23: Download sources and javadoc] INFO  o.e.m.j.internal.DownloadSourcesJob - Downloaded sources for jakarta.xml.bind:jakarta.xml.bind-api:4.0.0
2025-01-28 13:22:14,588 [Worker-23: Download sources and javadoc] INFO  o.e.m.c.i.e.AbstractTransferListenerAdapter - Downloading https://repo.maven.apache.org/maven2/jakarta/activation/jakarta.activation-api/2.1.0/jakarta.activation-api-2.1.0-sources.jar
2025-01-28 13:22:14,755 [Worker-23: Download sources and javadoc] INFO  o.e.m.c.i.e.AbstractTransferListenerAdapter - Downloaded https://repo.maven.apache.org/maven2/jakarta/activation/jakarta.activation-api/2.1.0/jakarta.activation-api-2.1.0-sources.jar
2025-01-28 13:22:14,761 [Worker-23: Download sources and javadoc] INFO  o.e.m.j.internal.DownloadSourcesJob - Downloaded sources for jakarta.activation:jakarta.activation-api:2.1.0
2025-01-28 13:22:15,174 [Worker-23: Download sources and javadoc] INFO  o.e.m.c.i.e.AbstractTransferListenerAdapter - Downloading https://repo.maven.apache.org/maven2/org/glassfish/jaxb/jaxb-runtime/4.0.2/jaxb-runtime-4.0.2-sources.jar
2025-01-28 13:22:16,899 [Worker-23: Download sources and javadoc] INFO  o.e.m.c.i.e.AbstractTransferListenerAdapter - Downloaded https://repo.maven.apache.org/maven2/org/glassfish/jaxb/jaxb-runtime/4.0.2/jaxb-runtime-4.0.2-sources.jar
2025-01-28 13:22:16,903 [Worker-23: Download sources and javadoc] INFO  o.e.m.j.internal.DownloadSourcesJob - Downloaded sources for org.glassfish.jaxb:jaxb-runtime:4.0.2
2025-01-28 13:22:17,201 [Worker-23: Download sources and javadoc] INFO  o.e.m.c.i.e.AbstractTransferListenerAdapter - Downloading https://repo.maven.apache.org/maven2/org/glassfish/jaxb/jaxb-core/4.0.2/jaxb-core-4.0.2-sources.jar
2025-01-28 13:22:17,350 [Worker-23: Download sources and javadoc] INFO  o.e.m.c.i.e.AbstractTransferListenerAdapter - Downloaded https://repo.maven.apache.org/maven2/org/glassfish/jaxb/jaxb-core/4.0.2/jaxb-core-4.0.2-sources.jar
2025-01-28 13:22:17,354 [Worker-23: Download sources and javadoc] INFO  o.e.m.j.internal.DownloadSourcesJob - Downloaded sources for org.glassfish.jaxb:jaxb-core:4.0.2
2025-01-28 13:22:17,611 [Worker-23: Download sources and javadoc] INFO  o.e.m.c.i.e.AbstractTransferListenerAdapter - Downloading https://repo.maven.apache.org/maven2/org/eclipse/angus/angus-activation/2.0.0/angus-activation-2.0.0-sources.jar
2025-01-28 13:22:17,615 [Worker-23: Download sources and javadoc] INFO  o.e.m.c.i.e.AbstractTransferListenerAdapter - Downloaded https://repo.maven.apache.org/maven2/org/eclipse/angus/angus-activation/2.0.0/angus-activation-2.0.0-sources.jar
2025-01-28 13:22:17,618 [Worker-23: Download sources and javadoc] INFO  o.e.m.j.internal.DownloadSourcesJob - Downloaded sources for org.eclipse.angus:angus-activation:2.0.0
2025-01-28 13:22:17,917 [Worker-16: Updating Maven Project] INFO  o.e.m.c.i.p.ProjectConfigurationManager - Update started
2025-01-28 13:22:17,993 [Worker-23: Download sources and javadoc] INFO  o.e.m.c.i.e.AbstractTransferListenerAdapter - Downloading https://repo.maven.apache.org/maven2/org/glassfish/jaxb/txw2/4.0.2/txw2-4.0.2-sources.jar
2025-01-28 13:22:18,072 [Worker-16: Updating Maven Project] INFO  o.e.m.c.i.l.LifecycleMappingFactory - Using org.eclipse.m2e.jdt.JarLifecycleMapping lifecycle mapping for MavenProject: com.hibernate:Hibernate:0.0.1-SNAPSHOT @ D:\Hibernate\Hibernate\pom.xml.
2025-01-28 13:22:18,110 [Worker-23: Download sources and javadoc] INFO  o.e.m.c.i.e.AbstractTransferListenerAdapter - Downloaded https://repo.maven.apache.org/maven2/org/glassfish/jaxb/txw2/4.0.2/txw2-4.0.2-sources.jar
2025-01-28 13:22:18,113 [Worker-23: Download sources and javadoc] INFO  o.e.m.j.internal.DownloadSourcesJob - Downloaded sources for org.glassfish.jaxb:txw2:4.0.2
2025-01-28 13:22:18,343 [Worker-23: Download sources and javadoc] INFO  o.e.m.c.i.e.AbstractTransferListenerAdapter - Downloading https://repo.maven.apache.org/maven2/com/sun/istack/istack-commons-runtime/4.1.1/istack-commons-runtime-4.1.1-sources.jar
2025-01-28 13:22:18,350 [Worker-23: Download sources and javadoc] INFO  o.e.m.c.i.e.AbstractTransferListenerAdapter - Downloaded https://repo.maven.apache.org/maven2/com/sun/istack/istack-commons-runtime/4.1.1/istack-commons-runtime-4.1.1-sources.jar
2025-01-28 13:22:18,355 [Worker-23: Download sources and javadoc] INFO  o.e.m.j.internal.DownloadSourcesJob - Downloaded sources for com.sun.istack:istack-commons-runtime:4.1.1
2025-01-28 13:22:18,647 [Worker-23: Download sources and javadoc] INFO  o.e.m.c.i.e.AbstractTransferListenerAdapter - Downloading https://repo.maven.apache.org/maven2/jakarta/inject/jakarta.inject-api/2.0.1/jakarta.inject-api-2.0.1-sources.jar
2025-01-28 13:22:18,666 [Worker-23: Download sources and javadoc] INFO  o.e.m.c.i.e.AbstractTransferListenerAdapter - Downloaded https://repo.maven.apache.org/maven2/jakarta/inject/jakarta.inject-api/2.0.1/jakarta.inject-api-2.0.1-sources.jar
2025-01-28 13:22:18,672 [Worker-23: Download sources and javadoc] INFO  o.e.m.j.internal.DownloadSourcesJob - Downloaded sources for jakarta.inject:jakarta.inject-api:2.0.1
2025-01-28 13:22:18,681 [Worker-16: Updating Maven Project] WARN  o.e.m.c.i.embedder.EclipseLogger - The artifact org.hibernate:hibernate-core:pom:6.6.5.Final has been relocated to org.hibernate.orm:hibernate-core:pom:6.6.5.Final
2025-01-28 13:22:18,945 [Worker-23: Download sources and javadoc] INFO  o.e.m.c.i.e.AbstractTransferListenerAdapter - Downloading https://repo.maven.apache.org/maven2/org/antlr/antlr4-runtime/4.13.0/antlr4-runtime-4.13.0-sources.jar
2025-01-28 13:22:19,213 [Worker-23: Download sources and javadoc] INFO  o.e.m.c.i.e.AbstractTransferListenerAdapter - Downloaded https://repo.maven.apache.org/maven2/org/antlr/antlr4-runtime/4.13.0/antlr4-runtime-4.13.0-sources.jar
2025-01-28 13:22:19,219 [Worker-23: Download sources and javadoc] INFO  o.e.m.j.internal.DownloadSourcesJob - Downloaded sources for org.antlr:antlr4-runtime:4.13.0
2025-01-28 13:22:19,344 [Worker-16: Updating Maven Project] INFO  o.e.m.j.i.AbstractJavaProjectConfigurator - Adding source folder /Hibernate/src/main/java
2025-01-28 13:22:19,345 [Worker-16: Updating Maven Project] INFO  o.e.m.j.i.AbstractJavaProjectConfigurator - Adding resource folder /Hibernate/src/main/resources
2025-01-28 13:22:19,345 [Worker-16: Updating Maven Project] INFO  o.e.m.j.i.AbstractJavaProjectConfigurator - Adding source folder /Hibernate/src/test/java
2025-01-28 13:22:19,345 [Worker-16: Updating Maven Project] INFO  o.e.m.j.i.AbstractJavaProjectConfigurator - Adding resource folder /Hibernate/src/test/resources
2025-01-28 13:22:19,404 [Worker-16: Updating Maven Project] INFO  o.e.m.c.i.p.ProjectConfigurationManager - Update completed for 1 poms: local refresh takes 0.00 sec, refresh facades takes 1.00 sec, update config takes 0.00 sec 
2025-01-28 13:22:19,577 [Worker-16: Building] INFO  o.a.m.s.f.DefaultMavenResourcesFiltering - skip non existing resourceDirectory D:\Hibernate\Hibernate\src\main\resources
2025-01-28 13:22:19,580 [Worker-16: Building] INFO  o.a.m.s.f.DefaultMavenResourcesFiltering - skip non existing resourceDirectory D:\Hibernate\Hibernate\src\test\resources
2025-01-28 13:22:42,052 [Worker-22: Building] INFO  o.e.m.c.i.l.LifecycleMappingFactory - Using org.eclipse.m2e.jdt.JarLifecycleMapping lifecycle mapping for MavenProject: com.hibernate:Hibernate:0.0.1-SNAPSHOT @ D:\Hibernate\Hibernate\pom.xml.
2025-01-28 13:22:42,105 [Worker-22: Building] WARN  o.e.m.c.i.embedder.EclipseLogger - The artifact org.hibernate:hibernate-core:jar:6.6.5.Final has been relocated to org.hibernate.orm:hibernate-core:jar:6.6.5.Final
2025-01-28 13:22:42,211 [Worker-22: Building] INFO  o.a.m.s.f.DefaultMavenResourcesFiltering - skip non existing resourceDirectory D:\Hibernate\Hibernate\src\main\resources
2025-01-28 13:22:42,214 [Worker-22: Building] INFO  o.a.m.s.f.DefaultMavenResourcesFiltering - skip non existing resourceDirectory D:\Hibernate\Hibernate\src\test\resources
2025-01-28 13:22:42,602 [Worker-16: Building] INFO  o.a.m.s.f.DefaultMavenResourcesFiltering - skip non existing resourceDirectory D:\Hibernate\Hibernate\src\main\resources
2025-01-28 13:22:42,606 [Worker-16: Building] INFO  o.a.m.s.f.DefaultMavenResourcesFiltering - skip non existing resourceDirectory D:\Hibernate\Hibernate\src\test\resources
2025-01-28 13:22:43,305 [Worker-23: Download sources and javadoc] INFO  o.e.m.c.i.e.AbstractTransferListenerAdapter - Downloading https://repo.maven.apache.org/maven2/org/hibernate/orm/hibernate-core/6.6.5.Final/hibernate-core-6.6.5.Final-sources.jar
2025-01-28 13:22:50,444 [Worker-23: Download sources and javadoc] INFO  o.e.m.c.i.e.AbstractTransferListenerAdapter - Downloaded https://repo.maven.apache.org/maven2/org/hibernate/orm/hibernate-core/6.6.5.Final/hibernate-core-6.6.5.Final-sources.jar
2025-01-28 13:22:50,451 [Worker-23: Download sources and javadoc] INFO  o.e.m.j.internal.DownloadSourcesJob - Downloaded sources for org.hibernate.orm:hibernate-core:6.6.5.Final
2025-01-28 13:52:15,650 [Worker-27: Building] INFO  o.e.m.c.i.l.LifecycleMappingFactory - Using org.eclipse.m2e.jdt.JarLifecycleMapping lifecycle mapping for MavenProject: com.hibernate:Hibernate:0.0.1-SNAPSHOT @ D:\Hibernate\Hibernate\pom.xml.
2025-01-28 13:52:15,767 [Worker-27: Building] WARN  o.e.m.c.i.embedder.EclipseLogger - The artifact org.hibernate:hibernate-core:jar:6.6.5.Final has been relocated to org.hibernate.orm:hibernate-core:jar:6.6.5.Final
2025-01-28 13:52:15,983 [Worker-27: Building] INFO  o.a.m.s.f.DefaultMavenResourcesFiltering - skip non existing resourceDirectory D:\Hibernate\Hibernate\src\main\resources
2025-01-28 13:52:15,991 [Worker-27: Building] INFO  o.a.m.s.f.DefaultMavenResourcesFiltering - skip non existing resourceDirectory D:\Hibernate\Hibernate\src\test\resources
2025-01-28 13:52:16,997 [Worker-43: Building] INFO  o.a.m.s.f.DefaultMavenResourcesFiltering - skip non existing resourceDirectory D:\Hibernate\Hibernate\src\main\resources
2025-01-28 13:52:17,006 [Worker-43: Building] INFO  o.a.m.s.f.DefaultMavenResourcesFiltering - skip non existing resourceDirectory D:\Hibernate\Hibernate\src\test\resources
2025-01-28 13:52:18,739 [Worker-41: Download sources and javadoc] INFO  o.e.m.c.i.e.AbstractTransferListenerAdapter - Downloading https://repo.maven.apache.org/maven2/org/postgresql/postgresql/42.7.3/postgresql-42.7.3-sources.jar
2025-01-28 13:52:21,857 [Worker-41: Download sources and javadoc] INFO  o.e.m.c.i.e.AbstractTransferListenerAdapter - Downloaded https://repo.maven.apache.org/maven2/org/postgresql/postgresql/42.7.3/postgresql-42.7.3-sources.jar
2025-01-28 13:52:21,863 [Worker-41: Download sources and javadoc] INFO  o.e.m.j.internal.DownloadSourcesJob - Downloaded sources for org.postgresql:postgresql:42.7.3
2025-01-28 13:52:22,187 [Worker-41: Download sources and javadoc] INFO  o.e.m.c.i.e.AbstractTransferListenerAdapter - Downloading https://repo.maven.apache.org/maven2/org/checkerframework/checker-qual/3.42.0/checker-qual-3.42.0-sources.jar
2025-01-28 13:52:23,673 [Worker-41: Download sources and javadoc] INFO  o.e.m.c.i.e.AbstractTransferListenerAdapter - Downloaded https://repo.maven.apache.org/maven2/org/checkerframework/checker-qual/3.42.0/checker-qual-3.42.0-sources.jar
2025-01-28 13:52:23,677 [Worker-41: Download sources and javadoc] INFO  o.e.m.j.internal.DownloadSourcesJob - Downloaded sources for org.checkerframework:checker-qual:3.42.0
2025-01-28 13:53:33,181 [Worker-22: Updating Maven Project] INFO  o.e.m.c.i.p.ProjectConfigurationManager - Update started
2025-01-28 13:53:33,387 [Worker-22: Updating Maven Project] INFO  o.e.m.c.i.l.LifecycleMappingFactory - Using org.eclipse.m2e.jdt.JarLifecycleMapping lifecycle mapping for MavenProject: com.hibernate:Hibernate:0.0.1-SNAPSHOT @ D:\Hibernate\Hibernate\pom.xml.
2025-01-28 13:53:33,468 [Worker-22: Updating Maven Project] WARN  o.e.m.c.i.embedder.EclipseLogger - The artifact org.hibernate:hibernate-core:jar:6.6.5.Final has been relocated to org.hibernate.orm:hibernate-core:jar:6.6.5.Final
2025-01-28 13:53:33,629 [Worker-22: Updating Maven Project] INFO  o.e.m.j.i.AbstractJavaProjectConfigurator - Adding source folder /Hibernate/src/main/java
2025-01-28 13:53:33,629 [Worker-22: Updating Maven Project] INFO  o.e.m.j.i.AbstractJavaProjectConfigurator - Adding resource folder /Hibernate/src/main/resources
2025-01-28 13:53:33,630 [Worker-22: Updating Maven Project] INFO  o.e.m.j.i.AbstractJavaProjectConfigurator - Adding source folder /Hibernate/src/test/java
2025-01-28 13:53:33,631 [Worker-22: Updating Maven Project] INFO  o.e.m.j.i.AbstractJavaProjectConfigurator - Adding resource folder /Hibernate/src/test/resources
2025-01-28 13:53:33,742 [Worker-22: Updating Maven Project] INFO  o.e.m.c.i.p.ProjectConfigurationManager - Update completed for 1 poms: local refresh takes 0.00 sec, refresh facades takes 0.00 sec, update config takes 0.00 sec 
2025-01-28 13:53:33,919 [Worker-42: Building] INFO  o.a.m.s.f.DefaultMavenResourcesFiltering - skip non existing resourceDirectory D:\Hibernate\Hibernate\src\main\resources
2025-01-28 13:53:33,925 [Worker-42: Building] INFO  o.a.m.s.f.DefaultMavenResourcesFiltering - skip non existing resourceDirectory D:\Hibernate\Hibernate\src\test\resources
2025-01-28 13:54:36,404 [Worker-41: Building] INFO  o.a.m.s.f.DefaultMavenResourcesFiltering - skip non existing resourceDirectory D:\Hibernate\Hibernate\src\main\resources
2025-01-28 13:54:36,408 [Worker-41: Building] INFO  o.a.m.s.f.DefaultMavenResourcesFiltering - skip non existing resourceDirectory D:\Hibernate\Hibernate\src\test\resources
2025-01-28 13:59:48,995 [Worker-27: Building] INFO  o.a.m.s.f.DefaultMavenResourcesFiltering - skip non existing resourceDirectory D:\Hibernate\Hibernate\src\main\resources
2025-01-28 13:59:48,996 [Worker-27: Building] INFO  o.a.m.s.f.DefaultMavenResourcesFiltering - skip non existing resourceDirectory D:\Hibernate\Hibernate\src\test\resources
2025-01-28 14:00:17,989 [Worker-42: Updating Maven Project] INFO  o.e.m.c.i.p.ProjectConfigurationManager - Update started
2025-01-28 14:00:18,201 [Worker-42: Updating Maven Project] INFO  o.e.m.c.i.l.LifecycleMappingFactory - Using org.eclipse.m2e.jdt.JarLifecycleMapping lifecycle mapping for MavenProject: com.hibernate:Hibernate:0.0.1-SNAPSHOT @ D:\Hibernate\Hibernate\pom.xml.
2025-01-28 14:00:18,289 [Worker-42: Updating Maven Project] WARN  o.e.m.c.i.embedder.EclipseLogger - The artifact org.hibernate:hibernate-core:jar:6.6.5.Final has been relocated to org.hibernate.orm:hibernate-core:jar:6.6.5.Final
2025-01-28 14:00:18,429 [Worker-42: Updating Maven Project] INFO  o.e.m.j.i.AbstractJavaProjectConfigurator - Adding source folder /Hibernate/src/main/java
2025-01-28 14:00:18,430 [Worker-42: Updating Maven Project] INFO  o.e.m.j.i.AbstractJavaProjectConfigurator - Adding resource folder /Hibernate/src/main/resources
2025-01-28 14:00:18,430 [Worker-42: Updating Maven Project] INFO  o.e.m.j.i.AbstractJavaProjectConfigurator - Adding source folder /Hibernate/src/test/java
2025-01-28 14:00:18,431 [Worker-42: Updating Maven Project] INFO  o.e.m.j.i.AbstractJavaProjectConfigurator - Adding resource folder /Hibernate/src/test/resources
2025-01-28 14:00:18,511 [Worker-42: Updating Maven Project] INFO  o.e.m.c.i.p.ProjectConfigurationManager - Update completed for 1 poms: local refresh takes 0.00 sec, refresh facades takes 0.00 sec, update config takes 0.00 sec 
2025-01-28 14:00:18,692 [Worker-46: Building] INFO  o.a.m.s.f.DefaultMavenResourcesFiltering - skip non existing resourceDirectory D:\Hibernate\Hibernate\src\main\resources
2025-01-28 14:00:18,697 [Worker-46: Building] INFO  o.a.m.s.f.DefaultMavenResourcesFiltering - skip non existing resourceDirectory D:\Hibernate\Hibernate\src\test\resources
2025-01-28 14:05:15,035 [Worker-23: Building] INFO  o.a.m.s.f.DefaultMavenResourcesFiltering - skip non existing resourceDirectory D:\Hibernate\Hibernate\src\main\resources
2025-01-28 14:05:15,040 [Worker-23: Building] INFO  o.a.m.s.f.DefaultMavenResourcesFiltering - skip non existing resourceDirectory D:\Hibernate\Hibernate\src\test\resources
2025-01-28 14:08:01,080 [Worker-23: Building] INFO  o.a.m.s.f.DefaultMavenResourcesFiltering - skip non existing resourceDirectory D:\Hibernate\Hibernate\src\main\resources
2025-01-28 14:08:01,083 [Worker-23: Building] INFO  o.a.m.s.f.DefaultMavenResourcesFiltering - skip non existing resourceDirectory D:\Hibernate\Hibernate\src\test\resources
2025-01-28 14:18:32,157 [Worker-50: Building] INFO  o.a.m.s.f.DefaultMavenResourcesFiltering - skip non existing resourceDirectory D:\Hibernate\Hibernate\src\main\resources
2025-01-28 14:18:32,157 [Worker-50: Building] INFO  o.a.m.s.f.DefaultMavenResourcesFiltering - skip non existing resourceDirectory D:\Hibernate\Hibernate\src\test\resources
2025-01-28 14:18:42,600 [Worker-51: Updating Maven Project] INFO  o.e.m.c.i.p.ProjectConfigurationManager - Update started
2025-01-28 14:18:42,791 [Worker-51: Updating Maven Project] INFO  o.e.m.c.i.l.LifecycleMappingFactory - Using org.eclipse.m2e.jdt.JarLifecycleMapping lifecycle mapping for MavenProject: com.hibernate:Hibernate:0.0.1-SNAPSHOT @ D:\Hibernate\Hibernate\pom.xml.
2025-01-28 14:18:42,863 [Worker-51: Updating Maven Project] WARN  o.e.m.c.i.embedder.EclipseLogger - The artifact org.hibernate:hibernate-core:jar:6.6.5.Final has been relocated to org.hibernate.orm:hibernate-core:jar:6.6.5.Final
2025-01-28 14:18:43,435 [Worker-51: Updating Maven Project] INFO  o.e.m.j.i.AbstractJavaProjectConfigurator - Adding source folder /Hibernate/src/main/java
2025-01-28 14:18:43,436 [Worker-51: Updating Maven Project] INFO  o.e.m.j.i.AbstractJavaProjectConfigurator - Adding resource folder /Hibernate/src/main/resources
2025-01-28 14:18:43,436 [Worker-51: Updating Maven Project] INFO  o.e.m.j.i.AbstractJavaProjectConfigurator - Adding source folder /Hibernate/src/test/java
2025-01-28 14:18:43,437 [Worker-51: Updating Maven Project] INFO  o.e.m.j.i.AbstractJavaProjectConfigurator - Adding resource folder /Hibernate/src/test/resources
2025-01-28 14:18:43,495 [Worker-51: Updating Maven Project] INFO  o.e.m.c.i.p.ProjectConfigurationManager - Update completed for 1 poms: local refresh takes 0.00 sec, refresh facades takes 0.00 sec, update config takes 0.00 sec 
2025-01-28 14:18:43,726 [Worker-49: Building] INFO  o.a.m.s.f.DefaultMavenResourcesFiltering - skip non existing resourceDirectory D:\Hibernate\Hibernate\src\main\resources
2025-01-28 14:18:43,730 [Worker-49: Building] INFO  o.a.m.s.f.DefaultMavenResourcesFiltering - skip non existing resourceDirectory D:\Hibernate\Hibernate\src\test\resources
2025-01-28 14:20:12,953 [Worker-53: Building] INFO  o.e.m.c.i.l.LifecycleMappingFactory - Using org.eclipse.m2e.jdt.JarLifecycleMapping lifecycle mapping for MavenProject: com.hibernate:Hibernate:0.0.1-SNAPSHOT @ D:\Hibernate\Hibernate\pom.xml.
2025-01-28 14:20:13,198 [Worker-53: Building] INFO  o.e.m.c.i.e.AbstractTransferListenerAdapter - Downloading https://repo.maven.apache.org/maven2/org/hibernate/hibernate-core/5.6.15.Final/hibernate-core-5.6.15.Final.pom
2025-01-28 14:20:13,209 [Worker-53: Building] INFO  o.e.m.c.i.e.AbstractTransferListenerAdapter - Downloaded https://repo.maven.apache.org/maven2/org/hibernate/hibernate-core/5.6.15.Final/hibernate-core-5.6.15.Final.pom
2025-01-28 14:20:13,320 [Worker-53: Building] INFO  o.e.m.c.i.e.AbstractTransferListenerAdapter - Downloading https://repo.maven.apache.org/maven2/org/jboss/logging/jboss-logging/3.4.3.Final/jboss-logging-3.4.3.Final.pom
2025-01-28 14:20:13,732 [Worker-53: Building] INFO  o.e.m.c.i.e.AbstractTransferListenerAdapter - Downloaded https://repo.maven.apache.org/maven2/org/jboss/logging/jboss-logging/3.4.3.Final/jboss-logging-3.4.3.Final.pom
2025-01-28 14:20:13,932 [Worker-53: Building] INFO  o.e.m.c.i.e.AbstractTransferListenerAdapter - Downloading https://repo.maven.apache.org/maven2/javax/persistence/javax.persistence-api/2.2/javax.persistence-api-2.2.pom
2025-01-28 14:20:13,950 [Worker-53: Building] INFO  o.e.m.c.i.e.AbstractTransferListenerAdapter - Downloaded https://repo.maven.apache.org/maven2/javax/persistence/javax.persistence-api/2.2/javax.persistence-api-2.2.pom
2025-01-28 14:20:14,146 [Worker-53: Building] INFO  o.e.m.c.i.e.AbstractTransferListenerAdapter - Downloading https://repo.maven.apache.org/maven2/net/java/jvnet-parent/5/jvnet-parent-5.pom
2025-01-28 14:20:14,285 [Worker-53: Building] INFO  o.e.m.c.i.e.AbstractTransferListenerAdapter - Downloaded https://repo.maven.apache.org/maven2/net/java/jvnet-parent/5/jvnet-parent-5.pom
2025-01-28 14:20:14,399 [Worker-53: Building] INFO  o.e.m.c.i.e.AbstractTransferListenerAdapter - Downloading https://repo.maven.apache.org/maven2/net/bytebuddy/byte-buddy/1.12.18/byte-buddy-1.12.18.pom
2025-01-28 14:20:14,480 [Worker-53: Building] INFO  o.e.m.c.i.e.AbstractTransferListenerAdapter - Downloaded https://repo.maven.apache.org/maven2/net/bytebuddy/byte-buddy/1.12.18/byte-buddy-1.12.18.pom
2025-01-28 14:20:15,065 [Worker-53: Building] INFO  o.e.m.c.i.e.AbstractTransferListenerAdapter - Downloading https://repo.maven.apache.org/maven2/net/bytebuddy/byte-buddy-parent/1.12.18/byte-buddy-parent-1.12.18.pom
2025-01-28 14:20:15,794 [Worker-53: Building] INFO  o.e.m.c.i.e.AbstractTransferListenerAdapter - Downloaded https://repo.maven.apache.org/maven2/net/bytebuddy/byte-buddy-parent/1.12.18/byte-buddy-parent-1.12.18.pom
2025-01-28 14:20:15,992 [Worker-53: Building] INFO  o.e.m.c.i.e.AbstractTransferListenerAdapter - Downloading https://repo.maven.apache.org/maven2/org/jboss/jboss-parent/25/jboss-parent-25.pom
2025-01-28 14:20:16,207 [Worker-53: Building] INFO  o.e.m.c.i.e.AbstractTransferListenerAdapter - Downloaded https://repo.maven.apache.org/maven2/org/jboss/jboss-parent/25/jboss-parent-25.pom
2025-01-28 14:20:16,343 [Worker-53: Building] INFO  o.e.m.c.i.e.AbstractTransferListenerAdapter - Downloading https://repo.maven.apache.org/maven2/javax/activation/javax.activation-api/1.2.0/javax.activation-api-1.2.0.pom
2025-01-28 14:20:16,353 [Worker-53: Building] INFO  o.e.m.c.i.e.AbstractTransferListenerAdapter - Downloaded https://repo.maven.apache.org/maven2/javax/activation/javax.activation-api/1.2.0/javax.activation-api-1.2.0.pom
2025-01-28 14:20:16,436 [Worker-53: Building] INFO  o.e.m.c.i.e.AbstractTransferListenerAdapter - Downloading https://repo.maven.apache.org/maven2/com/sun/activation/all/1.2.0/all-1.2.0.pom
2025-01-28 14:20:16,511 [Worker-53: Building] INFO  o.e.m.c.i.e.AbstractTransferListenerAdapter - Downloaded https://repo.maven.apache.org/maven2/com/sun/activation/all/1.2.0/all-1.2.0.pom
2025-01-28 14:20:16,569 [Worker-53: Building] INFO  o.e.m.c.i.e.AbstractTransferListenerAdapter - Downloading https://repo.maven.apache.org/maven2/net/java/jvnet-parent/1/jvnet-parent-1.pom
2025-01-28 14:20:16,587 [Worker-53: Building] INFO  o.e.m.c.i.e.AbstractTransferListenerAdapter - Downloaded https://repo.maven.apache.org/maven2/net/java/jvnet-parent/1/jvnet-parent-1.pom
2025-01-28 14:20:16,657 [Worker-53: Building] INFO  o.e.m.c.i.e.AbstractTransferListenerAdapter - Downloading https://repo.maven.apache.org/maven2/org/jboss/logging/jboss-logging/3.3.2.Final/jboss-logging-3.3.2.Final.pom
2025-01-28 14:20:16,675 [Worker-53: Building] INFO  o.e.m.c.i.e.AbstractTransferListenerAdapter - Downloaded https://repo.maven.apache.org/maven2/org/jboss/logging/jboss-logging/3.3.2.Final/jboss-logging-3.3.2.Final.pom
2025-01-28 14:20:16,755 [Worker-53: Building] INFO  o.e.m.c.i.e.AbstractTransferListenerAdapter - Downloading https://repo.maven.apache.org/maven2/org/jboss/jboss-parent/15/jboss-parent-15.pom
2025-01-28 14:20:16,876 [Worker-53: Building] INFO  o.e.m.c.i.e.AbstractTransferListenerAdapter - Downloaded https://repo.maven.apache.org/maven2/org/jboss/jboss-parent/15/jboss-parent-15.pom
2025-01-28 14:20:17,029 [Worker-53: Building] INFO  o.e.m.c.i.e.AbstractTransferListenerAdapter - Downloading https://repo.maven.apache.org/maven2/org/glassfish/jaxb/txw2/2.3.1/txw2-2.3.1.pom
2025-01-28 14:20:17,040 [Worker-53: Building] INFO  o.e.m.c.i.e.AbstractTransferListenerAdapter - Downloaded https://repo.maven.apache.org/maven2/org/glassfish/jaxb/txw2/2.3.1/txw2-2.3.1.pom
2025-01-28 14:20:17,126 [Worker-53: Building] INFO  o.e.m.c.i.e.AbstractTransferListenerAdapter - Downloading https://repo.maven.apache.org/maven2/com/sun/xml/bind/mvn/jaxb-txw-parent/2.3.1/jaxb-txw-parent-2.3.1.pom
2025-01-28 14:20:17,137 [Worker-53: Building] INFO  o.e.m.c.i.e.AbstractTransferListenerAdapter - Downloaded https://repo.maven.apache.org/maven2/com/sun/xml/bind/mvn/jaxb-txw-parent/2.3.1/jaxb-txw-parent-2.3.1.pom
2025-01-28 14:20:17,220 [Worker-53: Building] INFO  o.e.m.c.i.e.AbstractTransferListenerAdapter - Downloading https://repo.maven.apache.org/maven2/com/sun/istack/istack-commons-runtime/3.0.7/istack-commons-runtime-3.0.7.pom
2025-01-28 14:20:17,232 [Worker-53: Building] INFO  o.e.m.c.i.e.AbstractTransferListenerAdapter - Downloaded https://repo.maven.apache.org/maven2/com/sun/istack/istack-commons-runtime/3.0.7/istack-commons-runtime-3.0.7.pom
2025-01-28 14:20:17,348 [Worker-53: Building] INFO  o.e.m.c.i.e.AbstractTransferListenerAdapter - Downloading https://repo.maven.apache.org/maven2/com/sun/istack/istack-commons/3.0.7/istack-commons-3.0.7.pom
2025-01-28 14:20:17,415 [Worker-53: Building] INFO  o.e.m.c.i.e.AbstractTransferListenerAdapter - Downloaded https://repo.maven.apache.org/maven2/com/sun/istack/istack-commons/3.0.7/istack-commons-3.0.7.pom
2025-01-28 14:20:17,467 [Worker-53: Building] INFO  o.e.m.c.i.e.AbstractTransferListenerAdapter - Downloading https://repo.maven.apache.org/maven2/org/jvnet/staxex/stax-ex/1.8/stax-ex-1.8.pom
2025-01-28 14:20:17,552 [Worker-53: Building] INFO  o.e.m.c.i.e.AbstractTransferListenerAdapter - Downloaded https://repo.maven.apache.org/maven2/org/jvnet/staxex/stax-ex/1.8/stax-ex-1.8.pom
2025-01-28 14:20:17,663 [Worker-53: Building] INFO  o.e.m.c.i.e.AbstractTransferListenerAdapter - Downloading https://repo.maven.apache.org/maven2/com/sun/xml/fastinfoset/FastInfoset/1.2.15/FastInfoset-1.2.15.pom
2025-01-28 14:20:17,672 [Worker-53: Building] INFO  o.e.m.c.i.e.AbstractTransferListenerAdapter - Downloaded https://repo.maven.apache.org/maven2/com/sun/xml/fastinfoset/FastInfoset/1.2.15/FastInfoset-1.2.15.pom
2025-01-28 14:20:17,752 [Worker-53: Building] INFO  o.e.m.c.i.e.AbstractTransferListenerAdapter - Downloading https://repo.maven.apache.org/maven2/com/sun/xml/fastinfoset/fastinfoset-project/1.2.15/fastinfoset-project-1.2.15.pom
2025-01-28 14:20:17,805 [Worker-53: Building] INFO  o.e.m.c.i.e.AbstractTransferListenerAdapter - Downloaded https://repo.maven.apache.org/maven2/com/sun/xml/fastinfoset/fastinfoset-project/1.2.15/fastinfoset-project-1.2.15.pom
2025-01-28 14:20:17,940 [Worker-53: Building] INFO  o.e.m.c.i.e.AbstractTransferListenerAdapter - Downloading https://repo.maven.apache.org/maven2/org/hibernate/hibernate-core/5.6.15.Final/hibernate-core-5.6.15.Final.jar
2025-01-28 14:20:41,857 [Worker-53: Building] INFO  o.e.m.c.i.e.AbstractTransferListenerAdapter - Downloaded https://repo.maven.apache.org/maven2/org/hibernate/hibernate-core/5.6.15.Final/hibernate-core-5.6.15.Final.jar
2025-01-28 14:20:41,908 [BasicRepositoryConnector-repo.maven.apache.org-1-2] INFO  o.e.m.c.i.e.AbstractTransferListenerAdapter - Downloading https://repo.maven.apache.org/maven2/net/bytebuddy/byte-buddy/1.12.18/byte-buddy-1.12.18.jar
2025-01-28 14:20:42,129 [BasicRepositoryConnector-repo.maven.apache.org-1-4] INFO  o.e.m.c.i.e.AbstractTransferListenerAdapter - Downloading https://repo.maven.apache.org/maven2/javax/activation/javax.activation-api/1.2.0/javax.activation-api-1.2.0.jar
2025-01-28 14:20:42,164 [BasicRepositoryConnector-repo.maven.apache.org-1-3] INFO  o.e.m.c.i.e.AbstractTransferListenerAdapter - Downloading https://repo.maven.apache.org/maven2/org/jboss/spec/javax/transaction/jboss-transaction-api_1.2_spec/1.1.1.Final/jboss-transaction-api_1.2_spec-1.1.1.Final.jar
2025-01-28 14:20:42,189 [BasicRepositoryConnector-repo.maven.apache.org-1-3] INFO  o.e.m.c.i.e.AbstractTransferListenerAdapter - Downloaded https://repo.maven.apache.org/maven2/org/jboss/spec/javax/transaction/jboss-transaction-api_1.2_spec/1.1.1.Final/jboss-transaction-api_1.2_spec-1.1.1.Final.jar
2025-01-28 14:20:42,211 [BasicRepositoryConnector-repo.maven.apache.org-1-0] INFO  o.e.m.c.i.e.AbstractTransferListenerAdapter - Downloading https://repo.maven.apache.org/maven2/org/jboss/logging/jboss-logging/3.4.3.Final/jboss-logging-3.4.3.Final.jar
2025-01-28 14:20:42,211 [BasicRepositoryConnector-repo.maven.apache.org-1-1] INFO  o.e.m.c.i.e.AbstractTransferListenerAdapter - Downloading https://repo.maven.apache.org/maven2/javax/persistence/javax.persistence-api/2.2/javax.persistence-api-2.2.jar
2025-01-28 14:20:42,232 [BasicRepositoryConnector-repo.maven.apache.org-1-3] INFO  o.e.m.c.i.e.AbstractTransferListenerAdapter - Downloading https://repo.maven.apache.org/maven2/org/hibernate/common/hibernate-commons-annotations/5.1.2.Final/hibernate-commons-annotations-5.1.2.Final.jar
2025-01-28 14:20:42,330 [BasicRepositoryConnector-repo.maven.apache.org-1-4] INFO  o.e.m.c.i.e.AbstractTransferListenerAdapter - Downloaded https://repo.maven.apache.org/maven2/javax/activation/javax.activation-api/1.2.0/javax.activation-api-1.2.0.jar
2025-01-28 14:20:42,399 [BasicRepositoryConnector-repo.maven.apache.org-1-0] INFO  o.e.m.c.i.e.AbstractTransferListenerAdapter - Downloaded https://repo.maven.apache.org/maven2/org/jboss/logging/jboss-logging/3.4.3.Final/jboss-logging-3.4.3.Final.jar
2025-01-28 14:20:42,442 [BasicRepositoryConnector-repo.maven.apache.org-1-4] INFO  o.e.m.c.i.e.AbstractTransferListenerAdapter - Downloading https://repo.maven.apache.org/maven2/javax/xml/bind/jaxb-api/2.3.1/jaxb-api-2.3.1.jar
2025-01-28 14:20:42,451 [BasicRepositoryConnector-repo.maven.apache.org-1-0] INFO  o.e.m.c.i.e.AbstractTransferListenerAdapter - Downloading https://repo.maven.apache.org/maven2/org/glassfish/jaxb/jaxb-runtime/2.3.1/jaxb-runtime-2.3.1.jar
2025-01-28 14:20:42,511 [BasicRepositoryConnector-repo.maven.apache.org-1-1] INFO  o.e.m.c.i.e.AbstractTransferListenerAdapter - Downloaded https://repo.maven.apache.org/maven2/javax/persistence/javax.persistence-api/2.2/javax.persistence-api-2.2.jar
2025-01-28 14:20:42,599 [BasicRepositoryConnector-repo.maven.apache.org-1-3] INFO  o.e.m.c.i.e.AbstractTransferListenerAdapter - Downloaded https://repo.maven.apache.org/maven2/org/hibernate/common/hibernate-commons-annotations/5.1.2.Final/hibernate-commons-annotations-5.1.2.Final.jar
2025-01-28 14:20:42,642 [BasicRepositoryConnector-repo.maven.apache.org-1-1] INFO  o.e.m.c.i.e.AbstractTransferListenerAdapter - Downloading https://repo.maven.apache.org/maven2/org/glassfish/jaxb/txw2/2.3.1/txw2-2.3.1.jar
2025-01-28 14:20:42,721 [BasicRepositoryConnector-repo.maven.apache.org-1-3] INFO  o.e.m.c.i.e.AbstractTransferListenerAdapter - Downloading https://repo.maven.apache.org/maven2/com/sun/istack/istack-commons-runtime/3.0.7/istack-commons-runtime-3.0.7.jar
2025-01-28 14:20:42,724 [BasicRepositoryConnector-repo.maven.apache.org-1-1] INFO  o.e.m.c.i.e.AbstractTransferListenerAdapter - Downloaded https://repo.maven.apache.org/maven2/org/glassfish/jaxb/txw2/2.3.1/txw2-2.3.1.jar
2025-01-28 14:20:42,823 [BasicRepositoryConnector-repo.maven.apache.org-1-1] INFO  o.e.m.c.i.e.AbstractTransferListenerAdapter - Downloading https://repo.maven.apache.org/maven2/org/jvnet/staxex/stax-ex/1.8/stax-ex-1.8.jar
2025-01-28 14:20:42,914 [BasicRepositoryConnector-repo.maven.apache.org-1-1] INFO  o.e.m.c.i.e.AbstractTransferListenerAdapter - Downloaded https://repo.maven.apache.org/maven2/org/jvnet/staxex/stax-ex/1.8/stax-ex-1.8.jar
2025-01-28 14:20:42,921 [BasicRepositoryConnector-repo.maven.apache.org-1-3] INFO  o.e.m.c.i.e.AbstractTransferListenerAdapter - Downloaded https://repo.maven.apache.org/maven2/com/sun/istack/istack-commons-runtime/3.0.7/istack-commons-runtime-3.0.7.jar
2025-01-28 14:20:43,437 [BasicRepositoryConnector-repo.maven.apache.org-1-1] INFO  o.e.m.c.i.e.AbstractTransferListenerAdapter - Downloading https://repo.maven.apache.org/maven2/com/sun/xml/fastinfoset/FastInfoset/1.2.15/FastInfoset-1.2.15.jar
2025-01-28 14:20:43,485 [BasicRepositoryConnector-repo.maven.apache.org-1-4] INFO  o.e.m.c.i.e.AbstractTransferListenerAdapter - Downloaded https://repo.maven.apache.org/maven2/javax/xml/bind/jaxb-api/2.3.1/jaxb-api-2.3.1.jar
2025-01-28 14:20:43,859 [BasicRepositoryConnector-repo.maven.apache.org-1-1] INFO  o.e.m.c.i.e.AbstractTransferListenerAdapter - Downloaded https://repo.maven.apache.org/maven2/com/sun/xml/fastinfoset/FastInfoset/1.2.15/FastInfoset-1.2.15.jar
2025-01-28 14:20:46,073 [BasicRepositoryConnector-repo.maven.apache.org-1-0] INFO  o.e.m.c.i.e.AbstractTransferListenerAdapter - Downloaded https://repo.maven.apache.org/maven2/org/glassfish/jaxb/jaxb-runtime/2.3.1/jaxb-runtime-2.3.1.jar
2025-01-28 14:20:47,439 [BasicRepositoryConnector-repo.maven.apache.org-1-2] INFO  o.e.m.c.i.e.AbstractTransferListenerAdapter - Downloaded https://repo.maven.apache.org/maven2/net/bytebuddy/byte-buddy/1.12.18/byte-buddy-1.12.18.jar
2025-01-28 14:20:47,616 [Worker-53: Building] INFO  o.a.m.s.f.DefaultMavenResourcesFiltering - skip non existing resourceDirectory D:\Hibernate\Hibernate\src\main\resources
2025-01-28 14:20:47,621 [Worker-53: Building] INFO  o.a.m.s.f.DefaultMavenResourcesFiltering - skip non existing resourceDirectory D:\Hibernate\Hibernate\src\test\resources
2025-01-28 14:20:48,021 [Worker-48: Updating Maven Project] INFO  o.e.m.c.i.p.ProjectConfigurationManager - Update started
2025-01-28 14:20:48,226 [Worker-48: Updating Maven Project] INFO  o.e.m.c.i.l.LifecycleMappingFactory - Using org.eclipse.m2e.jdt.JarLifecycleMapping lifecycle mapping for MavenProject: com.hibernate:Hibernate:0.0.1-SNAPSHOT @ D:\Hibernate\Hibernate\pom.xml.
2025-01-28 14:20:48,775 [Worker-51: Download sources and javadoc] INFO  o.e.m.c.i.e.AbstractTransferListenerAdapter - Downloading https://repo.maven.apache.org/maven2/org/hibernate/hibernate-core/5.6.15.Final/hibernate-core-5.6.15.Final-sources.jar
2025-01-28 14:20:49,064 [Worker-48: Updating Maven Project] INFO  o.e.m.j.i.AbstractJavaProjectConfigurator - Adding source folder /Hibernate/src/main/java
2025-01-28 14:20:49,066 [Worker-48: Updating Maven Project] INFO  o.e.m.j.i.AbstractJavaProjectConfigurator - Adding resource folder /Hibernate/src/main/resources
2025-01-28 14:20:49,066 [Worker-48: Updating Maven Project] INFO  o.e.m.j.i.AbstractJavaProjectConfigurator - Adding source folder /Hibernate/src/test/java
2025-01-28 14:20:49,067 [Worker-48: Updating Maven Project] INFO  o.e.m.j.i.AbstractJavaProjectConfigurator - Adding resource folder /Hibernate/src/test/resources
2025-01-28 14:20:49,257 [Worker-48: Updating Maven Project] INFO  o.e.m.c.i.p.ProjectConfigurationManager - Update completed for 1 poms: local refresh takes 0.00 sec, refresh facades takes 0.00 sec, update config takes 0.00 sec 
2025-01-28 14:20:49,505 [Worker-52: Building] INFO  o.a.m.s.f.DefaultMavenResourcesFiltering - skip non existing resourceDirectory D:\Hibernate\Hibernate\src\main\resources
2025-01-28 14:20:49,510 [Worker-52: Building] INFO  o.a.m.s.f.DefaultMavenResourcesFiltering - skip non existing resourceDirectory D:\Hibernate\Hibernate\src\test\resources
2025-01-28 14:20:56,394 [Worker-51: Download sources and javadoc] INFO  o.e.m.c.i.e.AbstractTransferListenerAdapter - Downloaded https://repo.maven.apache.org/maven2/org/hibernate/hibernate-core/5.6.15.Final/hibernate-core-5.6.15.Final-sources.jar
2025-01-28 14:20:56,401 [Worker-51: Download sources and javadoc] INFO  o.e.m.j.internal.DownloadSourcesJob - Downloaded sources for org.hibernate:hibernate-core:5.6.15.Final
2025-01-28 14:20:56,549 [Worker-51: Download sources and javadoc] INFO  o.e.m.c.i.e.AbstractTransferListenerAdapter - Downloading https://repo.maven.apache.org/maven2/org/jboss/logging/jboss-logging/3.4.3.Final/jboss-logging-3.4.3.Final-sources.jar
2025-01-28 14:20:56,612 [Worker-51: Download sources and javadoc] INFO  o.e.m.c.i.e.AbstractTransferListenerAdapter - Downloaded https://repo.maven.apache.org/maven2/org/jboss/logging/jboss-logging/3.4.3.Final/jboss-logging-3.4.3.Final-sources.jar
2025-01-28 14:20:56,616 [Worker-51: Download sources and javadoc] INFO  o.e.m.j.internal.DownloadSourcesJob - Downloaded sources for org.jboss.logging:jboss-logging:3.4.3.Final
2025-01-28 14:20:56,749 [Worker-51: Download sources and javadoc] INFO  o.e.m.c.i.e.AbstractTransferListenerAdapter - Downloading https://repo.maven.apache.org/maven2/javax/persistence/javax.persistence-api/2.2/javax.persistence-api-2.2-sources.jar
2025-01-28 14:20:56,914 [Worker-51: Download sources and javadoc] INFO  o.e.m.c.i.e.AbstractTransferListenerAdapter - Downloaded https://repo.maven.apache.org/maven2/javax/persistence/javax.persistence-api/2.2/javax.persistence-api-2.2-sources.jar
2025-01-28 14:20:56,919 [Worker-51: Download sources and javadoc] INFO  o.e.m.j.internal.DownloadSourcesJob - Downloaded sources for javax.persistence:javax.persistence-api:2.2
2025-01-28 14:20:57,095 [Worker-51: Download sources and javadoc] INFO  o.e.m.c.i.e.AbstractTransferListenerAdapter - Downloading https://repo.maven.apache.org/maven2/net/bytebuddy/byte-buddy/1.12.18/byte-buddy-1.12.18-sources.jar
2025-01-28 14:20:57,863 [Worker-51: Download sources and javadoc] INFO  o.e.m.c.i.e.AbstractTransferListenerAdapter - Downloaded https://repo.maven.apache.org/maven2/net/bytebuddy/byte-buddy/1.12.18/byte-buddy-1.12.18-sources.jar
2025-01-28 14:20:57,870 [Worker-51: Download sources and javadoc] INFO  o.e.m.j.internal.DownloadSourcesJob - Downloaded sources for net.bytebuddy:byte-buddy:1.12.18
2025-01-28 14:20:58,077 [Worker-51: Download sources and javadoc] INFO  o.e.m.c.i.e.AbstractTransferListenerAdapter - Downloaded https://repo.maven.apache.org/maven2/antlr/antlr/2.7.7/antlr-2.7.7-sources.jar
2025-01-28 14:20:58,087 [Worker-51: Download sources and javadoc] ERROR o.e.m.j.internal.DownloadSourcesJob - Could not download sources for antlr:antlr:2.7.7
org.eclipse.core.runtime.CoreException: Could not resolve artifact antlr:antlr:jar:sources:2.7.7
	at org.eclipse.m2e.core.internal.embedder.MavenImpl.lambda$7(MavenImpl.java:540)
	at org.eclipse.m2e.core.internal.embedder.MavenExecutionContext.executeBare(MavenExecutionContext.java:458)
	at org.eclipse.m2e.core.internal.embedder.MavenExecutionContext.execute(MavenExecutionContext.java:292)
	at org.eclipse.m2e.core.internal.embedder.MavenExecutionContext.execute(MavenExecutionContext.java:278)
	at org.eclipse.m2e.core.internal.embedder.MavenImpl.resolve(MavenImpl.java:509)
	at org.eclipse.m2e.core.internal.embedder.MavenImpl.resolve(MavenImpl.java:494)
	at org.eclipse.m2e.jdt.internal.DownloadSourcesJob.download(DownloadSourcesJob.java:308)
	at org.eclipse.m2e.jdt.internal.DownloadSourcesJob.downloadAttachments(DownloadSourcesJob.java:282)
	at org.eclipse.m2e.jdt.internal.DownloadSourcesJob.downloadMaven(DownloadSourcesJob.java:252)
	at org.eclipse.m2e.jdt.internal.DownloadSourcesJob.downloadFilesAndPopulateToUpdate(DownloadSourcesJob.java:220)
	at org.eclipse.m2e.jdt.internal.DownloadSourcesJob.lambda$0(DownloadSourcesJob.java:149)
	at org.eclipse.m2e.core.internal.embedder.MavenExecutionContext.executeBare(MavenExecutionContext.java:458)
	at org.eclipse.m2e.core.internal.embedder.MavenExecutionContext.execute(MavenExecutionContext.java:339)
	at org.eclipse.m2e.core.internal.embedder.MavenExecutionContext.execute(MavenExecutionContext.java:278)
	at org.eclipse.m2e.core.embedder.IMaven.execute(IMaven.java:300)
	at org.eclipse.m2e.jdt.internal.DownloadSourcesJob.run(DownloadSourcesJob.java:149)
	at org.eclipse.core.internal.jobs.Worker.run(Worker.java:63)
2025-01-28 14:20:58,437 [Worker-51: Download sources and javadoc] INFO  o.e.m.c.i.e.AbstractTransferListenerAdapter - Downloading https://repo.maven.apache.org/maven2/org/jboss/spec/javax/transaction/jboss-transaction-api_1.2_spec/1.1.1.Final/jboss-transaction-api_1.2_spec-1.1.1.Final-sources.jar
2025-01-28 14:20:58,454 [Worker-51: Download sources and javadoc] INFO  o.e.m.c.i.e.AbstractTransferListenerAdapter - Downloaded https://repo.maven.apache.org/maven2/org/jboss/spec/javax/transaction/jboss-transaction-api_1.2_spec/1.1.1.Final/jboss-transaction-api_1.2_spec-1.1.1.Final-sources.jar
2025-01-28 14:20:58,462 [Worker-51: Download sources and javadoc] INFO  o.e.m.j.internal.DownloadSourcesJob - Downloaded sources for org.jboss.spec.javax.transaction:jboss-transaction-api_1.2_spec:1.1.1.Final
2025-01-28 14:20:58,636 [Worker-51: Download sources and javadoc] INFO  o.e.m.c.i.e.AbstractTransferListenerAdapter - Downloading https://repo.maven.apache.org/maven2/org/jboss/jandex/2.4.2.Final/jandex-2.4.2.Final-sources.jar
2025-01-28 14:20:58,813 [Worker-51: Download sources and javadoc] INFO  o.e.m.c.i.e.AbstractTransferListenerAdapter - Downloaded https://repo.maven.apache.org/maven2/org/jboss/jandex/2.4.2.Final/jandex-2.4.2.Final-sources.jar
2025-01-28 14:20:58,818 [Worker-51: Download sources and javadoc] INFO  o.e.m.j.internal.DownloadSourcesJob - Downloaded sources for org.jboss:jandex:2.4.2.Final
2025-01-28 14:20:59,009 [Worker-51: Download sources and javadoc] INFO  o.e.m.c.i.e.AbstractTransferListenerAdapter - Downloading https://repo.maven.apache.org/maven2/javax/activation/javax.activation-api/1.2.0/javax.activation-api-1.2.0-sources.jar
2025-01-28 14:20:59,107 [Worker-51: Download sources and javadoc] INFO  o.e.m.c.i.e.AbstractTransferListenerAdapter - Downloaded https://repo.maven.apache.org/maven2/javax/activation/javax.activation-api/1.2.0/javax.activation-api-1.2.0-sources.jar
2025-01-28 14:20:59,112 [Worker-51: Download sources and javadoc] INFO  o.e.m.j.internal.DownloadSourcesJob - Downloaded sources for javax.activation:javax.activation-api:1.2.0
2025-01-28 14:20:59,259 [Worker-51: Download sources and javadoc] INFO  o.e.m.c.i.e.AbstractTransferListenerAdapter - Downloading https://repo.maven.apache.org/maven2/org/hibernate/common/hibernate-commons-annotations/5.1.2.Final/hibernate-commons-annotations-5.1.2.Final-sources.jar
2025-01-28 14:20:59,326 [Worker-51: Download sources and javadoc] INFO  o.e.m.c.i.e.AbstractTransferListenerAdapter - Downloaded https://repo.maven.apache.org/maven2/org/hibernate/common/hibernate-commons-annotations/5.1.2.Final/hibernate-commons-annotations-5.1.2.Final-sources.jar
2025-01-28 14:20:59,333 [Worker-51: Download sources and javadoc] INFO  o.e.m.j.internal.DownloadSourcesJob - Downloaded sources for org.hibernate.common:hibernate-commons-annotations:5.1.2.Final
2025-01-28 14:20:59,472 [Worker-51: Download sources and javadoc] INFO  o.e.m.c.i.e.AbstractTransferListenerAdapter - Downloading https://repo.maven.apache.org/maven2/javax/xml/bind/jaxb-api/2.3.1/jaxb-api-2.3.1-sources.jar
2025-01-28 14:20:59,807 [Worker-51: Download sources and javadoc] INFO  o.e.m.c.i.e.AbstractTransferListenerAdapter - Downloaded https://repo.maven.apache.org/maven2/javax/xml/bind/jaxb-api/2.3.1/jaxb-api-2.3.1-sources.jar
2025-01-28 14:20:59,814 [Worker-51: Download sources and javadoc] INFO  o.e.m.j.internal.DownloadSourcesJob - Downloaded sources for javax.xml.bind:jaxb-api:2.3.1
2025-01-28 14:20:59,995 [Worker-51: Download sources and javadoc] INFO  o.e.m.c.i.e.AbstractTransferListenerAdapter - Downloading https://repo.maven.apache.org/maven2/org/glassfish/jaxb/jaxb-runtime/2.3.1/jaxb-runtime-2.3.1-sources.jar
2025-01-28 14:21:01,102 [Worker-51: Download sources and javadoc] INFO  o.e.m.c.i.e.AbstractTransferListenerAdapter - Downloaded https://repo.maven.apache.org/maven2/org/glassfish/jaxb/jaxb-runtime/2.3.1/jaxb-runtime-2.3.1-sources.jar
2025-01-28 14:21:01,108 [Worker-51: Download sources and javadoc] INFO  o.e.m.j.internal.DownloadSourcesJob - Downloaded sources for org.glassfish.jaxb:jaxb-runtime:2.3.1
2025-01-28 14:21:01,264 [Worker-51: Download sources and javadoc] INFO  o.e.m.c.i.e.AbstractTransferListenerAdapter - Downloading https://repo.maven.apache.org/maven2/org/glassfish/jaxb/txw2/2.3.1/txw2-2.3.1-sources.jar
2025-01-28 14:21:01,403 [Worker-51: Download sources and javadoc] INFO  o.e.m.c.i.e.AbstractTransferListenerAdapter - Downloaded https://repo.maven.apache.org/maven2/org/glassfish/jaxb/txw2/2.3.1/txw2-2.3.1-sources.jar
2025-01-28 14:21:01,407 [Worker-51: Download sources and javadoc] INFO  o.e.m.j.internal.DownloadSourcesJob - Downloaded sources for org.glassfish.jaxb:txw2:2.3.1
2025-01-28 14:21:01,611 [Worker-51: Download sources and javadoc] INFO  o.e.m.c.i.e.AbstractTransferListenerAdapter - Downloading https://repo.maven.apache.org/maven2/com/sun/istack/istack-commons-runtime/3.0.7/istack-commons-runtime-3.0.7-sources.jar
2025-01-28 14:21:01,643 [Worker-51: Download sources and javadoc] INFO  o.e.m.c.i.e.AbstractTransferListenerAdapter - Downloaded https://repo.maven.apache.org/maven2/com/sun/istack/istack-commons-runtime/3.0.7/istack-commons-runtime-3.0.7-sources.jar
2025-01-28 14:21:01,650 [Worker-51: Download sources and javadoc] INFO  o.e.m.j.internal.DownloadSourcesJob - Downloaded sources for com.sun.istack:istack-commons-runtime:3.0.7
2025-01-28 14:21:01,794 [Worker-51: Download sources and javadoc] INFO  o.e.m.c.i.e.AbstractTransferListenerAdapter - Downloading https://repo.maven.apache.org/maven2/org/jvnet/staxex/stax-ex/1.8/stax-ex-1.8-sources.jar
2025-01-28 14:21:01,832 [Worker-51: Download sources and javadoc] INFO  o.e.m.c.i.e.AbstractTransferListenerAdapter - Downloaded https://repo.maven.apache.org/maven2/org/jvnet/staxex/stax-ex/1.8/stax-ex-1.8-sources.jar
2025-01-28 14:21:01,837 [Worker-51: Download sources and javadoc] INFO  o.e.m.j.internal.DownloadSourcesJob - Downloaded sources for org.jvnet.staxex:stax-ex:1.8
2025-01-28 14:21:02,024 [Worker-51: Download sources and javadoc] INFO  o.e.m.c.i.e.AbstractTransferListenerAdapter - Downloading https://repo.maven.apache.org/maven2/com/sun/xml/fastinfoset/FastInfoset/1.2.15/FastInfoset-1.2.15-sources.jar
2025-01-28 14:21:02,409 [Worker-51: Download sources and javadoc] INFO  o.e.m.c.i.e.AbstractTransferListenerAdapter - Downloaded https://repo.maven.apache.org/maven2/com/sun/xml/fastinfoset/FastInfoset/1.2.15/FastInfoset-1.2.15-sources.jar
2025-01-28 14:21:02,414 [Worker-51: Download sources and javadoc] INFO  o.e.m.j.internal.DownloadSourcesJob - Downloaded sources for com.sun.xml.fastinfoset:FastInfoset:1.2.15
2025-01-28 14:24:42,289 [Worker-48: Building] INFO  o.e.m.c.i.l.LifecycleMappingFactory - Using org.eclipse.m2e.jdt.JarLifecycleMapping lifecycle mapping for MavenProject: com.hibernate:Hibernate:0.0.1-SNAPSHOT @ D:\Hibernate\Hibernate\pom.xml.
2025-01-28 14:24:42,506 [Worker-48: Building] INFO  o.a.m.s.f.DefaultMavenResourcesFiltering - skip non existing resourceDirectory D:\Hibernate\Hibernate\src\main\resources
2025-01-28 14:24:42,511 [Worker-48: Building] INFO  o.a.m.s.f.DefaultMavenResourcesFiltering - skip non existing resourceDirectory D:\Hibernate\Hibernate\src\test\resources
2025-01-28 14:24:43,189 [Worker-48: Building] INFO  o.a.m.s.f.DefaultMavenResourcesFiltering - skip non existing resourceDirectory D:\Hibernate\Hibernate\src\main\resources
2025-01-28 14:24:43,191 [Worker-48: Building] INFO  o.a.m.s.f.DefaultMavenResourcesFiltering - skip non existing resourceDirectory D:\Hibernate\Hibernate\src\test\resources
2025-01-28 14:24:43,715 [Worker-54: Download sources and javadoc] INFO  o.e.m.c.i.e.AbstractTransferListenerAdapter - Downloading https://repo.maven.apache.org/maven2/org/hibernate/orm/hibernate-core/6.3.1.Final/hibernate-core-6.3.1.Final-sources.jar
2025-01-28 14:24:51,695 [Worker-54: Download sources and javadoc] INFO  o.e.m.c.i.e.AbstractTransferListenerAdapter - Downloaded https://repo.maven.apache.org/maven2/org/hibernate/orm/hibernate-core/6.3.1.Final/hibernate-core-6.3.1.Final-sources.jar
2025-01-28 14:24:51,701 [Worker-54: Download sources and javadoc] INFO  o.e.m.j.internal.DownloadSourcesJob - Downloaded sources for org.hibernate.orm:hibernate-core:6.3.1.Final
2025-01-28 14:24:51,857 [Worker-54: Download sources and javadoc] INFO  o.e.m.c.i.e.AbstractTransferListenerAdapter - Downloading https://repo.maven.apache.org/maven2/org/hibernate/common/hibernate-commons-annotations/6.0.6.Final/hibernate-commons-annotations-6.0.6.Final-sources.jar
2025-01-28 14:24:51,912 [Worker-54: Download sources and javadoc] INFO  o.e.m.c.i.e.AbstractTransferListenerAdapter - Downloaded https://repo.maven.apache.org/maven2/org/hibernate/common/hibernate-commons-annotations/6.0.6.Final/hibernate-commons-annotations-6.0.6.Final-sources.jar
2025-01-28 14:24:51,918 [Worker-54: Download sources and javadoc] INFO  o.e.m.j.internal.DownloadSourcesJob - Downloaded sources for org.hibernate.common:hibernate-commons-annotations:6.0.6.Final
2025-01-28 14:24:52,073 [Worker-54: Download sources and javadoc] INFO  o.e.m.c.i.e.AbstractTransferListenerAdapter - Downloading https://repo.maven.apache.org/maven2/io/smallrye/jandex/3.1.2/jandex-3.1.2-sources.jar
2025-01-28 14:24:52,363 [Worker-54: Download sources and javadoc] INFO  o.e.m.c.i.e.AbstractTransferListenerAdapter - Downloaded https://repo.maven.apache.org/maven2/io/smallrye/jandex/3.1.2/jandex-3.1.2-sources.jar
2025-01-28 14:24:52,369 [Worker-54: Download sources and javadoc] INFO  o.e.m.j.internal.DownloadSourcesJob - Downloaded sources for io.smallrye:jandex:3.1.2
2025-01-28 14:24:52,508 [Worker-54: Download sources and javadoc] INFO  o.e.m.c.i.e.AbstractTransferListenerAdapter - Downloading https://repo.maven.apache.org/maven2/net/bytebuddy/byte-buddy/1.14.7/byte-buddy-1.14.7-sources.jar
2025-01-28 14:24:53,832 [Worker-54: Download sources and javadoc] INFO  o.e.m.c.i.e.AbstractTransferListenerAdapter - Downloaded https://repo.maven.apache.org/maven2/net/bytebuddy/byte-buddy/1.14.7/byte-buddy-1.14.7-sources.jar
2025-01-28 14:24:53,837 [Worker-54: Download sources and javadoc] INFO  o.e.m.j.internal.DownloadSourcesJob - Downloaded sources for net.bytebuddy:byte-buddy:1.14.7
2025-01-28 14:24:54,036 [Worker-54: Download sources and javadoc] INFO  o.e.m.c.i.e.AbstractTransferListenerAdapter - Downloading https://repo.maven.apache.org/maven2/org/antlr/antlr4-runtime/4.10.1/antlr4-runtime-4.10.1-sources.jar
2025-01-28 14:24:55,513 [Worker-54: Download sources and javadoc] INFO  o.e.m.c.i.e.AbstractTransferListenerAdapter - Downloaded https://repo.maven.apache.org/maven2/org/antlr/antlr4-runtime/4.10.1/antlr4-runtime-4.10.1-sources.jar
2025-01-28 14:24:55,518 [Worker-54: Download sources and javadoc] INFO  o.e.m.j.internal.DownloadSourcesJob - Downloaded sources for org.antlr:antlr4-runtime:4.10.1
2025-01-28 14:24:55,710 [Worker-54: Download sources and javadoc] INFO  o.e.m.c.i.e.AbstractTransferListenerAdapter - Downloading https://repo.maven.apache.org/maven2/org/postgresql/postgresql/42.6.0/postgresql-42.6.0-sources.jar
2025-01-28 14:24:57,229 [Worker-54: Download sources and javadoc] INFO  o.e.m.c.i.e.AbstractTransferListenerAdapter - Downloaded https://repo.maven.apache.org/maven2/org/postgresql/postgresql/42.6.0/postgresql-42.6.0-sources.jar
2025-01-28 14:24:57,236 [Worker-54: Download sources and javadoc] INFO  o.e.m.j.internal.DownloadSourcesJob - Downloaded sources for org.postgresql:postgresql:42.6.0
2025-01-28 14:24:57,419 [Worker-54: Download sources and javadoc] INFO  o.e.m.c.i.e.AbstractTransferListenerAdapter - Downloading https://repo.maven.apache.org/maven2/org/checkerframework/checker-qual/3.31.0/checker-qual-3.31.0-sources.jar
2025-01-28 14:24:57,704 [Worker-54: Download sources and javadoc] INFO  o.e.m.c.i.e.AbstractTransferListenerAdapter - Downloaded https://repo.maven.apache.org/maven2/org/checkerframework/checker-qual/3.31.0/checker-qual-3.31.0-sources.jar
2025-01-28 14:24:57,710 [Worker-54: Download sources and javadoc] INFO  o.e.m.j.internal.DownloadSourcesJob - Downloaded sources for org.checkerframework:checker-qual:3.31.0
